Name,Author,User Rating,Reviews,Price,Year,Genre,Price Category,Popularidad,Años en Top,Author Frequency,Rating Category,Rating x Review,Log Reviews
10-Day Green Smoothie Cleanse,JJ Smith,4.7,17350,8,2016,Non Fiction,Barato,Alta,1,1,Bueno,81545.0,9.761405420601672
11/22/63: A Novel,Stephen King,4.6,2052,22,2011,Fiction,Caro,Baja,1,4,Bueno,9439.199999999999,7.627057417018934
12 Rules for Life: An Antidote to Chaos,Jordan B. Peterson,4.7,18979,15,2018,Non Fiction,Intermedio,Alta,1,1,Bueno,89201.3,9.85114107216392
1984 (Signet Classics),George Orwell,4.7,21424,6,2017,Fiction,Barato,Alta,1,1,Bueno,100692.8,9.97231374346598
"5,000 Awesome Facts (About Everything!) (National Geographic Kids)",National Geographic Kids,4.8,7665,12,2019,Non Fiction,Intermedio,Media,1,1,Excelente,36792.0,8.9445502459405
A Dance with Dragons (A Song of Ice and Fire),George R. R. Martin,4.4,12643,11,2011,Fiction,Intermedio,Media,1,2,Regular,55629.200000000004,9.444938073335509
A Game of Thrones / A Clash of Kings / A Storm of Swords / A Feast of Crows / A Dance with Dragons,George R. R. Martin,4.7,19735,30,2014,Fiction,Caro,Alta,1,2,Bueno,92754.5,9.890199658209193
A Gentleman in Moscow: A Novel,Amor Towles,4.7,19699,15,2017,Fiction,Intermedio,Alta,1,1,Bueno,92585.3,9.88837391472608
"A Higher Loyalty: Truth, Lies, and Leadership",James Comey,4.7,5983,3,2018,Non Fiction,Barato,Media,1,1,Bueno,28120.100000000002,8.696844519654313
A Man Called Ove: A Novel,Fredrik Backman,4.6,23848,8,2016,Fiction,Barato,Alta,2,2,Bueno,109700.79999999999,10.07949756671628
A Man Called Ove: A Novel,Fredrik Backman,4.6,23848,8,2017,Fiction,Barato,Alta,2,2,Bueno,109700.79999999999,10.07949756671628
A Patriot's History of the United States: From Columbus's Great Discovery to the War on Terror,Larry Schweikart,4.6,460,2,2010,Non Fiction,Barato,Baja,1,1,Bueno,2116.0,6.133398042996649
A Stolen Life: A Memoir,Jaycee Dugard,4.6,4149,32,2011,Non Fiction,Caro,Media,1,1,Bueno,19085.399999999998,8.330863613224745
A Wrinkle in Time (Time Quintet),Madeleine L'Engle,4.5,5153,5,2018,Fiction,Barato,Media,1,1,Bueno,23188.5,8.54752839121231
"Act Like a Lady, Think Like a Man: What Men Really Think About Love, Relationships, Intimacy, and Commitment",Steve Harvey,4.6,5013,17,2009,Non Fiction,Intermedio,Media,1,1,Bueno,23059.8,8.519989278718239
"Adult Coloring Book Designs: Stress Relief Coloring Book: Garden Designs, Mandalas, Animals, and Paisley Patterns",Adult Coloring Book Designs,4.5,2313,4,2016,Non Fiction,Barato,Baja,1,1,Bueno,10408.5,7.746732907753622
Adult Coloring Book: Stress Relieving Animal Designs,Blue Star Coloring,4.6,2925,6,2015,Non Fiction,Barato,Baja,1,2,Bueno,13454.999999999998,7.98139158158007
Adult Coloring Book: Stress Relieving Patterns,Blue Star Coloring,4.4,2951,6,2015,Non Fiction,Barato,Baja,1,2,Regular,12984.400000000001,7.990238185720363
"Adult Coloring Books: A Coloring Book for Adults Featuring Mandalas and Henna Inspired Flowers, Animals, and Paisley…",Coloring Books for Adults,4.5,2426,8,2015,Non Fiction,Barato,Baja,1,1,Bueno,10917.0,7.794411205726601
Alexander Hamilton,Ron Chernow,4.8,9198,13,2016,Non Fiction,Intermedio,Media,1,1,Excelente,44150.4,9.126850061477157
All the Light We Cannot See,Anthony Doerr,4.6,36348,14,2014,Fiction,Intermedio,Muy alta,2,2,Bueno,167200.8,10.50092197226688
All the Light We Cannot See,Anthony Doerr,4.6,36348,14,2015,Fiction,Intermedio,Muy alta,2,2,Bueno,167200.8,10.50092197226688
Allegiant,Veronica Roth,3.9,6310,13,2013,Fiction,Intermedio,Media,1,4,Regular,24609.0,8.75004942158424
American Sniper: The Autobiography of the Most Lethal Sniper in U.S. Military History,Chris Kyle,4.6,15921,9,2015,Non Fiction,Barato,Media,1,1,Bueno,73236.59999999999,9.675457079648524
And the Mountains Echoed,Khaled Hosseini,4.3,12159,13,2013,Fiction,Intermedio,Media,1,1,Regular,52283.7,9.405907155520158
Arguing with Idiots: How to Stop Small Minds and Big Government,Glenn Beck,4.6,798,5,2009,Non Fiction,Barato,Baja,1,3,Bueno,3670.7999999999997,6.683360945766275
Astrophysics for People in a Hurry,Neil deGrasse Tyson,4.7,9374,9,2017,Non Fiction,Barato,Media,1,1,Bueno,44057.8,9.14580185083861
"Autobiography of Mark Twain, Vol. 1",Mark Twain,4.2,491,14,2010,Non Fiction,Intermedio,Baja,1,1,Regular,2062.2000000000003,6.198478716492308
Baby Touch and Feel: Animals,DK,4.6,5360,5,2015,Non Fiction,Barato,Media,1,2,Bueno,24655.999999999996,8.586905803827538
Balance (Angie's Extreme Stress Menders),Angie Grace,4.6,1909,11,2015,Non Fiction,Intermedio,Baja,1,1,Bueno,8781.4,7.554858521040676
Barefoot Contessa Foolproof: Recipes You Can Trust: A Cookbook,Ina Garten,4.8,1296,24,2012,Non Fiction,Caro,Baja,1,3,Excelente,6220.8,7.167809184316444
"Barefoot Contessa, How Easy Is That?: Fabulous Recipes & Easy Tips",Ina Garten,4.7,615,21,2010,Non Fiction,Caro,Baja,1,3,Bueno,2890.5,6.423246963533519
Becoming,Michelle Obama,4.8,61133,11,2018,Non Fiction,Intermedio,Muy alta,2,2,Excelente,293438.39999999997,11.02082345520234
Becoming,Michelle Obama,4.8,61133,11,2019,Non Fiction,Intermedio,Muy alta,2,2,Excelente,293438.39999999997,11.02082345520234
Being Mortal: Medicine and What Matters in the End,Atul Gawande,4.8,11113,15,2015,Non Fiction,Intermedio,Media,1,1,Excelente,53342.4,9.315960853839867
Between the World and Me,Ta-Nehisi Coates,4.7,10070,13,2015,Non Fiction,Intermedio,Media,2,2,Bueno,47329.0,9.217415285648144
Between the World and Me,Ta-Nehisi Coates,4.7,10070,13,2016,Non Fiction,Intermedio,Media,2,2,Bueno,47329.0,9.217415285648144
Born to Run,Bruce Springsteen,4.7,3729,18,2016,Non Fiction,Intermedio,Baja,1,1,Bueno,17526.3,8.224163512637862
"Breaking Dawn (The Twilight Saga, Book 4)",Stephenie Meyer,4.6,9769,13,2009,Fiction,Intermedio,Media,1,7,Bueno,44937.399999999994,9.187071745036828
"Broke: The Plan to Restore Our Trust, Truth and Treasure",Glenn Beck,4.5,471,8,2010,Non Fiction,Barato,Baja,1,3,Bueno,2119.5,6.156978985585555
"Brown Bear, Brown Bear, What Do You See?",Bill Martin Jr.,4.9,14344,5,2017,Fiction,Barato,Media,2,2,Excelente,70285.6,9.571156728415465
"Brown Bear, Brown Bear, What Do You See?",Bill Martin Jr.,4.9,14344,5,2019,Fiction,Barato,Media,2,2,Excelente,70285.6,9.571156728415465
"Cabin Fever (Diary of a Wimpy Kid, Book 6)",Jeff Kinney,4.8,4505,0,2011,Fiction,Barato,Media,1,12,Excelente,21624.0,8.41316512099219
Calm the F*ck Down: An Irreverent Adult Coloring Book (Irreverent Book Series),Sasha O'Hara,4.6,10369,4,2016,Non Fiction,Barato,Media,1,1,Bueno,47697.399999999994,9.246672301223573
Can't Hurt Me: Master Your Mind and Defy the Odds,David Goggins,4.8,16244,18,2019,Non Fiction,Intermedio,Media,1,1,Excelente,77971.2,9.6955404481032
Capital in the Twenty First Century,Thomas Piketty,4.5,2884,28,2014,Non Fiction,Caro,Baja,1,1,Bueno,12978.0,7.9672801789422
Catching Fire (The Hunger Games),Suzanne Collins,4.7,22614,11,2010,Fiction,Intermedio,Alta,3,11,Bueno,106285.8,10.026368681911944
Catching Fire (The Hunger Games),Suzanne Collins,4.7,22614,11,2011,Fiction,Intermedio,Alta,3,11,Bueno,106285.8,10.026368681911944
Catching Fire (The Hunger Games),Suzanne Collins,4.7,22614,11,2012,Fiction,Intermedio,Alta,3,11,Bueno,106285.8,10.026368681911944
Cravings: Recipes for All the Food You Want to Eat: A Cookbook,Chrissy Teigen,4.7,4761,16,2016,Non Fiction,Intermedio,Media,1,1,Bueno,22376.7,8.468423027046809
Crazy Love: Overwhelmed by a Relentless God,Francis Chan,4.7,1542,14,2009,Non Fiction,Intermedio,Baja,3,3,Bueno,7247.400000000001,7.341483852363161
Crazy Love: Overwhelmed by a Relentless God,Francis Chan,4.7,1542,14,2010,Non Fiction,Intermedio,Baja,3,3,Bueno,7247.400000000001,7.341483852363161
Crazy Love: Overwhelmed by a Relentless God,Francis Chan,4.7,1542,14,2011,Non Fiction,Intermedio,Baja,3,3,Bueno,7247.400000000001,7.341483852363161
Crazy Rich Asians (Crazy Rich Asians Trilogy),Kevin Kwan,4.3,6143,8,2018,Fiction,Barato,Media,1,1,Regular,26414.899999999998,8.723231274827508
Creative Haven Creative Cats Coloring Book (Adult Coloring),Marjorie Sarnat,4.8,4022,4,2015,Non Fiction,Barato,Media,1,2,Excelente,19305.6,8.299783171949787
Creative Haven Owls Coloring Book (Adult Coloring),Marjorie Sarnat,4.8,3871,5,2015,Non Fiction,Barato,Baja,1,2,Excelente,18580.8,8.261526448396468
Cutting for Stone,Abraham Verghese,4.6,4866,11,2010,Fiction,Intermedio,Media,2,2,Bueno,22383.6,8.490233009833455
Cutting for Stone,Abraham Verghese,4.6,4866,11,2011,Fiction,Intermedio,Media,2,2,Bueno,22383.6,8.490233009833455
"Daring Greatly: How the Courage to Be Vulnerable Transforms the Way We Live, Love, Parent, and Lead",Brené Brown,4.8,1329,10,2013,Non Fiction,Intermedio,Baja,1,1,Excelente,6379.2,7.1929342212158
"David and Goliath: Underdogs, Misfits, and the Art of Battling Giants",Malcolm Gladwell,4.4,4642,13,2013,Non Fiction,Intermedio,Media,1,4,Regular,20424.800000000003,8.443115988019922
Dead And Gone: A Sookie Stackhouse Novel (Sookie Stackhouse/True Blood),Charlaine Harris,4.6,1541,4,2009,Fiction,Barato,Baja,1,4,Bueno,7088.599999999999,7.340835554123275
"Dead in the Family (Sookie Stackhouse/True Blood, Book 10)",Charlaine Harris,4.3,1924,8,2010,Fiction,Barato,Baja,1,4,Regular,8273.199999999999,7.562681246721884
"Dead Reckoning (Sookie Stackhouse/True Blood, Book 11)",Charlaine Harris,4.2,2094,4,2011,Fiction,Barato,Baja,1,4,Regular,8794.800000000001,7.647308832356238
Dear Zoo: A Lift-the-Flap Book,Rod Campbell,4.8,10922,5,2015,Fiction,Barato,Media,4,4,Excelente,52425.6,9.298625936843543
Dear Zoo: A Lift-the-Flap Book,Rod Campbell,4.8,10922,5,2016,Fiction,Barato,Media,4,4,Excelente,52425.6,9.298625936843543
Dear Zoo: A Lift-the-Flap Book,Rod Campbell,4.8,10922,5,2017,Fiction,Barato,Media,4,4,Excelente,52425.6,9.298625936843543
Dear Zoo: A Lift-the-Flap Book,Rod Campbell,4.8,10922,5,2018,Fiction,Barato,Media,4,4,Excelente,52425.6,9.298625936843543
Decision Points,George W. Bush,4.6,2137,17,2010,Non Fiction,Intermedio,Baja,1,1,Bueno,9830.199999999999,7.6676260915849905
"Delivering Happiness: A Path to Profits, Passion, and Purpose",Tony Hsieh,4.6,1651,15,2010,Non Fiction,Intermedio,Baja,1,1,Bueno,7594.599999999999,7.409741954080923
"Diagnostic and Statistical Manual of Mental Disorders, 5th Edition: DSM-5",American Psychiatric Association,4.5,6679,105,2013,Non Fiction,Caro,Media,2,2,Bueno,30055.5,8.806873266530692
"Diagnostic and Statistical Manual of Mental Disorders, 5th Edition: DSM-5",American Psychiatric Association,4.5,6679,105,2014,Non Fiction,Caro,Media,2,2,Bueno,30055.5,8.806873266530692
"Diary of a Wimpy Kid: Hard Luck, Book 8",Jeff Kinney,4.8,6812,0,2013,Fiction,Barato,Media,1,12,Excelente,32697.6,8.826587830773668
Diary of a Wimpy Kid: The Last Straw (Book 3),Jeff Kinney,4.8,3837,15,2009,Fiction,Intermedio,Baja,1,12,Excelente,18417.6,8.252706676567644
Diary of a Wimpy Kid: The Long Haul,Jeff Kinney,4.8,6540,22,2014,Fiction,Caro,Media,1,12,Excelente,31392.0,8.785845337961213
Difficult Riddles For Smart Kids: 300 Difficult Riddles And Brain Teasers Families Will Love (Books for Smart Kids),M Prefontaine,4.6,7955,5,2019,Non Fiction,Barato,Media,1,1,Bueno,36593.0,8.981681639973862
Divergent,Veronica Roth,4.6,27098,15,2013,Fiction,Intermedio,Muy alta,2,4,Bueno,124650.79999999999,10.207252105817954
Divergent,Veronica Roth,4.6,27098,15,2014,Fiction,Intermedio,Muy alta,2,4,Bueno,124650.79999999999,10.207252105817954
Divergent / Insurgent,Veronica Roth,4.5,17684,6,2014,Fiction,Barato,Alta,1,4,Bueno,79578.0,9.780472101639582
"Divine Soul Mind Body Healing and Transmission System: The Divine Way to Heal You, Humanity, Mother Earth, and All…",Zhi Gang Sha,4.6,37,6,2009,Non Fiction,Barato,Baja,1,2,Bueno,170.2,3.6375861597263857
Doctor Sleep: A Novel,Stephen King,4.7,15845,13,2013,Fiction,Intermedio,Media,1,4,Bueno,74471.5,9.670672381525188
"Dog Days (Diary of a Wimpy Kid, Book 4) (Volume 4)",Jeff Kinney,4.8,3181,12,2009,Fiction,Intermedio,Baja,1,12,Excelente,15268.8,8.065265208897733
Dog Man and Cat Kid: From the Creator of Captain Underpants (Dog Man #4),Dav Pilkey,4.9,5062,6,2018,Fiction,Barato,Media,1,7,Excelente,24803.800000000003,8.529714471969909
Dog Man: A Tale of Two Kitties: From the Creator of Captain Underpants (Dog Man #3),Dav Pilkey,4.9,4786,8,2017,Fiction,Barato,Media,1,7,Excelente,23451.4,8.473659189392508
Dog Man: Brawl of the Wild: From the Creator of Captain Underpants (Dog Man #6),Dav Pilkey,4.9,7235,4,2018,Fiction,Barato,Media,2,7,Excelente,35451.5,8.886823846515187
Dog Man: Brawl of the Wild: From the Creator of Captain Underpants (Dog Man #6),Dav Pilkey,4.9,7235,4,2019,Fiction,Barato,Media,2,7,Excelente,35451.5,8.886823846515187
Dog Man: Fetch-22: From the Creator of Captain Underpants (Dog Man #8),Dav Pilkey,4.9,12619,8,2019,Fiction,Barato,Media,1,7,Excelente,61833.100000000006,9.443038136095204
Dog Man: For Whom the Ball Rolls: From the Creator of Captain Underpants (Dog Man #7),Dav Pilkey,4.9,9089,8,2019,Fiction,Barato,Media,1,7,Excelente,44536.100000000006,9.114930187171524
Dog Man: Lord of the Fleas: From the Creator of Captain Underpants (Dog Man #5),Dav Pilkey,4.9,5470,6,2018,Fiction,Barato,Media,1,7,Excelente,26803.000000000004,8.607216694063826
Double Down (Diary of a Wimpy Kid #11),Jeff Kinney,4.8,5118,20,2016,Fiction,Intermedio,Media,1,12,Excelente,24566.399999999998,8.540714386457584
Dover Creative Haven Art Nouveau Animal Designs Coloring Book (Creative Haven Coloring Books),Marty Noble,4.6,2134,5,2015,Non Fiction,Barato,Baja,1,1,Bueno,9816.4,7.666221925662725
Drive: The Surprising Truth About What Motivates Us,Daniel H. Pink,4.5,2525,16,2010,Non Fiction,Intermedio,Baja,1,1,Bueno,11362.5,7.8343923029104365
Eat This Not That! Supermarket Survival Guide: The No-Diet Weight Loss Solution,David Zinczenko,4.5,720,1,2009,Non Fiction,Barato,Baja,1,2,Bueno,3240.0,6.580639137284949
"Eat This, Not That! Thousands of Simple Food Swaps that Can Save You 10, 20, 30 Pounds--or More!",David Zinczenko,4.3,956,14,2009,Non Fiction,Intermedio,Baja,1,2,Regular,4110.8,6.863803391452954
"Eat to Live: The Amazing Nutrient-Rich Program for Fast and Sustained Weight Loss, Revised Edition",Joel Fuhrman MD,4.5,6346,9,2011,Non Fiction,Barato,Media,2,2,Bueno,28557.0,8.75573753930647
"Eat to Live: The Amazing Nutrient-Rich Program for Fast and Sustained Weight Loss, Revised Edition",Joel Fuhrman MD,4.5,6346,9,2012,Non Fiction,Barato,Media,2,2,Bueno,28557.0,8.75573753930647
Eclipse (Twilight Sagas),Stephenie Meyer,4.7,5505,7,2009,Fiction,Barato,Media,1,7,Bueno,25873.5,8.613593685702552
Eclipse (Twilight),Stephenie Meyer,4.7,5505,18,2009,Fiction,Intermedio,Media,1,7,Bueno,25873.5,8.613593685702552
Educated: A Memoir,Tara Westover,4.7,28729,15,2018,Non Fiction,Intermedio,Muy alta,2,2,Bueno,135026.30000000002,10.265697151973335
Educated: A Memoir,Tara Westover,4.7,28729,15,2019,Non Fiction,Intermedio,Muy alta,2,2,Bueno,135026.30000000002,10.265697151973335
"Enchanted Forest: An Inky Quest and Coloring book (Activity Books, Mindfulness and Meditation, Illustrated Floral Prints…",Johanna Basford,4.7,5413,9,2015,Non Fiction,Barato,Media,1,2,Bueno,25441.100000000002,8.596743470174246
Fahrenheit 451,Ray Bradbury,4.6,10721,8,2016,Fiction,Barato,Media,2,2,Bueno,49316.6,9.280052984387483
Fahrenheit 451,Ray Bradbury,4.6,10721,8,2018,Fiction,Barato,Media,2,2,Bueno,49316.6,9.280052984387483
Fantastic Beasts and Where to Find Them: The Original Screenplay (Harry Potter),J.K. Rowling,4.7,4370,15,2016,Fiction,Intermedio,Media,1,6,Bueno,20539.0,8.382747094863314
Fear: Trump in the White House,Bob Woodward,4.4,6042,2,2018,Non Fiction,Barato,Media,1,1,Regular,26584.800000000003,8.706655856361559
Fifty Shades Darker,E L James,4.4,23631,7,2012,Fiction,Barato,Alta,1,6,Regular,103976.40000000001,10.07035700477116
Fifty Shades Freed: Book Three of the Fifty Shades Trilogy (Fifty Shades of Grey Series) (English Edition),E L James,4.5,20262,11,2012,Fiction,Intermedio,Alta,1,6,Bueno,91179.0,9.91655184186533
Fifty Shades of Grey: Book One of the Fifty Shades Trilogy (Fifty Shades of Grey Series),E L James,3.8,47265,14,2012,Fiction,Intermedio,Muy alta,2,6,Regular,179607.0,10.763546499940231
Fifty Shades of Grey: Book One of the Fifty Shades Trilogy (Fifty Shades of Grey Series),E L James,3.8,47265,14,2013,Fiction,Intermedio,Muy alta,2,6,Regular,179607.0,10.763546499940231
Fifty Shades Trilogy (Fifty Shades of Grey / Fifty Shades Darker / Fifty Shades Freed),E L James,4.5,13964,32,2012,Fiction,Caro,Media,1,6,Bueno,62838.0,9.544309478379278
Fire and Fury: Inside the Trump White House,Michael Wolff,4.2,13677,6,2018,Non Fiction,Barato,Media,1,1,Regular,57443.4,9.523543981658042
First 100 Words,Roger Priddy,4.7,17323,4,2014,Non Fiction,Barato,Alta,5,5,Bueno,81418.1,9.759848102334518
First 100 Words,Roger Priddy,4.7,17323,4,2015,Non Fiction,Barato,Alta,5,5,Bueno,81418.1,9.759848102334518
First 100 Words,Roger Priddy,4.7,17323,4,2016,Non Fiction,Barato,Alta,5,5,Bueno,81418.1,9.759848102334518
First 100 Words,Roger Priddy,4.7,17323,4,2017,Non Fiction,Barato,Alta,5,5,Bueno,81418.1,9.759848102334518
First 100 Words,Roger Priddy,4.7,17323,4,2018,Non Fiction,Barato,Alta,5,5,Bueno,81418.1,9.759848102334518
Food Rules: An Eater's Manual,Michael Pollan,4.4,1555,9,2010,Non Fiction,Barato,Baja,1,1,Regular,6842.000000000001,7.349873704738337
Frozen (Little Golden Book),RH Disney,4.7,3642,0,2014,Fiction,Barato,Baja,1,2,Bueno,17117.4,8.200562797008564
"Game Change: Obama and the Clintons, McCain and Palin, and the Race of a Lifetime",John Heilemann,4.4,1215,9,2010,Non Fiction,Barato,Baja,1,1,Regular,5346.0,7.103322062526113
Game of Thrones Boxed Set: A Game of Thrones/A Clash of Kings/A Storm of Swords/A Feast for Crows,George R.R. Martin,4.6,5594,5,2011,Fiction,Barato,Media,3,3,Bueno,25732.399999999998,8.629628620746026
Game of Thrones Boxed Set: A Game of Thrones/A Clash of Kings/A Storm of Swords/A Feast for Crows,George R.R. Martin,4.6,5594,5,2012,Fiction,Barato,Media,3,3,Bueno,25732.399999999998,8.629628620746026
Game of Thrones Boxed Set: A Game of Thrones/A Clash of Kings/A Storm of Swords/A Feast for Crows,George R.R. Martin,4.6,5594,5,2013,Fiction,Barato,Media,3,3,Bueno,25732.399999999998,8.629628620746026
George Washington's Sacred Fire,Peter A. Lillback,4.5,408,20,2010,Non Fiction,Intermedio,Baja,1,1,Bueno,1836.0,6.013715156042802
George Washington's Secret Six: The Spy Ring That Saved the American Revolution,Brian Kilmeade,4.6,4799,16,2013,Non Fiction,Intermedio,Media,1,1,Bueno,22075.399999999998,8.476371196895983
Giraffes Can't Dance,Giles Andreae,4.8,14038,4,2015,Fiction,Barato,Media,5,5,Excelente,67382.4,9.549594449971952
Giraffes Can't Dance,Giles Andreae,4.8,14038,4,2016,Fiction,Barato,Media,5,5,Excelente,67382.4,9.549594449971952
Giraffes Can't Dance,Giles Andreae,4.8,14038,4,2017,Fiction,Barato,Media,5,5,Excelente,67382.4,9.549594449971952
Giraffes Can't Dance,Giles Andreae,4.8,14038,4,2018,Fiction,Barato,Media,5,5,Excelente,67382.4,9.549594449971952
Giraffes Can't Dance,Giles Andreae,4.8,14038,4,2019,Fiction,Barato,Media,5,5,Excelente,67382.4,9.549594449971952
"Girl, Stop Apologizing: A Shame-Free Plan for Embracing and Achieving Your Goals",Rachel Hollis,4.6,7660,12,2019,Non Fiction,Intermedio,Media,1,3,Bueno,35236.0,8.94389780251682
"Girl, Wash Your Face: Stop Believing the Lies About Who You Are So You Can Become Who You Were Meant to Be",Rachel Hollis,4.6,22288,12,2018,Non Fiction,Intermedio,Alta,2,3,Bueno,102524.79999999999,10.011848562206193
"Girl, Wash Your Face: Stop Believing the Lies About Who You Are So You Can Become Who You Were Meant to Be",Rachel Hollis,4.6,22288,12,2019,Non Fiction,Intermedio,Alta,2,3,Bueno,102524.79999999999,10.011848562206193
"Glenn Beck's Common Sense: The Case Against an Out-of-Control Government, Inspired by Thomas Paine",Glenn Beck,4.6,1365,11,2009,Non Fiction,Intermedio,Baja,1,3,Bueno,6278.999999999999,7.2196420401307355
Go Set a Watchman: A Novel,Harper Lee,3.6,14982,19,2015,Fiction,Intermedio,Media,1,6,Regular,53935.200000000004,9.614671504043145
Go the F**k to Sleep,Adam Mansbach,4.8,9568,9,2011,Fiction,Barato,Media,1,1,Excelente,45926.4,9.166283985779263
Going Rogue: An American Life,Sarah Palin,4.6,1636,6,2009,Non Fiction,Barato,Baja,1,1,Bueno,7525.599999999999,7.400620577371135
Gone Girl,Gillian Flynn,4.0,57271,10,2012,Fiction,Intermedio,Muy alta,3,3,Regular,229084.0,10.955567127076021
Gone Girl,Gillian Flynn,4.0,57271,10,2013,Fiction,Intermedio,Muy alta,3,3,Regular,229084.0,10.955567127076021
Gone Girl,Gillian Flynn,4.0,57271,9,2014,Fiction,Barato,Muy alta,3,3,Regular,229084.0,10.955567127076021
Good Days Start With Gratitude: A 52 Week Guide To Cultivate An Attitude Of Gratitude: Gratitude Journal,Pretty Simple Press,4.6,10141,6,2019,Non Fiction,Barato,Media,1,1,Bueno,46648.6,9.224440496354964
Good to Great: Why Some Companies Make the Leap and Others Don't,Jim Collins,4.5,3457,14,2009,Non Fiction,Intermedio,Baja,4,4,Bueno,15556.5,8.148445666243235
Good to Great: Why Some Companies Make the Leap and Others Don't,Jim Collins,4.5,3457,14,2010,Non Fiction,Intermedio,Baja,4,4,Bueno,15556.5,8.148445666243235
Good to Great: Why Some Companies Make the Leap and Others Don't,Jim Collins,4.5,3457,14,2011,Non Fiction,Intermedio,Baja,4,4,Bueno,15556.5,8.148445666243235
Good to Great: Why Some Companies Make the Leap and Others Don't,Jim Collins,4.5,3457,14,2012,Non Fiction,Intermedio,Baja,4,4,Bueno,15556.5,8.148445666243235
Goodnight Moon,Margaret Wise Brown,4.8,8837,5,2017,Fiction,Barato,Media,3,3,Excelente,42417.6,9.086815885690685
Goodnight Moon,Margaret Wise Brown,4.8,8837,5,2018,Fiction,Barato,Media,3,3,Excelente,42417.6,9.086815885690685
Goodnight Moon,Margaret Wise Brown,4.8,8837,5,2019,Fiction,Barato,Media,3,3,Excelente,42417.6,9.086815885690685
"Goodnight, Goodnight Construction Site (Hardcover Books for Toddlers, Preschool Books for Kids)",Sherri Duskey Rinker,4.9,7038,7,2012,Fiction,Barato,Media,2,2,Excelente,34486.200000000004,8.85922139360813
"Goodnight, Goodnight Construction Site (Hardcover Books for Toddlers, Preschool Books for Kids)",Sherri Duskey Rinker,4.9,7038,7,2013,Fiction,Barato,Media,2,2,Excelente,34486.200000000004,8.85922139360813
"Grain Brain: The Surprising Truth about Wheat, Carbs, and Sugar--Your Brain's Silent Killers",David Perlmutter MD,4.6,5972,10,2014,Non Fiction,Intermedio,Media,1,1,Bueno,27471.199999999997,8.695004592732307
Grey: Fifty Shades of Grey as Told by Christian (Fifty Shades of Grey Series),E L James,4.4,25624,14,2015,Fiction,Intermedio,Muy alta,1,6,Regular,112745.6,10.151323716440709
Guts,Raina Telgemeier,4.8,5476,7,2019,Non Fiction,Barato,Media,1,1,Excelente,26284.8,8.608312784783722
Hamilton: The Revolution,Lin-Manuel Miranda,4.9,5867,54,2016,Non Fiction,Caro,Media,1,1,Excelente,28748.300000000003,8.677269139262872
"Happy, Happy, Happy: My Life and Legacy as the Duck Commander",Phil Robertson,4.8,4148,11,2013,Non Fiction,Intermedio,Media,1,1,Excelente,19910.399999999998,8.330622620332868
"Harry Potter and the Chamber of Secrets: The Illustrated Edition (Harry Potter, Book 2)",J.K. Rowling,4.9,19622,30,2016,Fiction,Caro,Alta,1,6,Excelente,96147.8,9.884457626629322
"Harry Potter and the Cursed Child, Parts 1 & 2, Special Rehearsal Edition Script",J.K. Rowling,4.0,23973,12,2016,Fiction,Intermedio,Alta,1,6,Regular,95892.0,10.084725188767045
"Harry Potter and the Goblet of Fire: The Illustrated Edition (Harry Potter, Book 4) (4)",J. K. Rowling,4.9,7758,18,2019,Fiction,Intermedio,Media,1,2,Excelente,38014.200000000004,8.95660873889395
"Harry Potter and the Prisoner of Azkaban: The Illustrated Edition (Harry Potter, Book 3)",J.K. Rowling,4.9,3146,30,2017,Fiction,Caro,Baja,1,6,Excelente,15415.400000000001,8.054204897064407
"Harry Potter and the Sorcerer's Stone: The Illustrated Edition (Harry Potter, Book 1)",J.K. Rowling,4.9,10052,22,2016,Fiction,Caro,Media,1,6,Excelente,49254.8,9.215626376405421
Harry Potter Coloring Book,Scholastic,4.7,3564,9,2015,Non Fiction,Barato,Baja,1,2,Bueno,16750.8,8.178919332848396
Harry Potter Paperback Box Set (Books 1-7),J. K. Rowling,4.8,13471,52,2016,Fiction,Caro,Media,1,2,Excelente,64660.799999999996,9.508368736482108
Have a Little Faith: A True Story,Mitch Albom,4.8,1930,4,2009,Non Fiction,Barato,Baja,1,1,Excelente,9264.0,7.565793282428515
Heaven is for Real: A Little Boy's Astounding Story of His Trip to Heaven and Back,Todd Burpo,4.7,15779,10,2011,Non Fiction,Intermedio,Media,2,2,Bueno,74161.3,9.666498594399865
Heaven is for Real: A Little Boy's Astounding Story of His Trip to Heaven and Back,Todd Burpo,4.7,15779,10,2012,Non Fiction,Intermedio,Media,2,2,Bueno,74161.3,9.666498594399865
Hillbilly Elegy: A Memoir of a Family and Culture in Crisis,J. D. Vance,4.4,15526,14,2016,Non Fiction,Intermedio,Media,2,2,Regular,68314.40000000001,9.65033572298117
Hillbilly Elegy: A Memoir of a Family and Culture in Crisis,J. D. Vance,4.4,15526,14,2017,Non Fiction,Intermedio,Media,2,2,Regular,68314.40000000001,9.65033572298117
Homebody: A Guide to Creating Spaces You Never Want to Leave,Joanna Gaines,4.8,3776,22,2018,Non Fiction,Caro,Baja,1,2,Excelente,18124.8,8.236685322712457
How to Win Friends & Influence People,Dale Carnegie,4.7,25001,11,2014,Non Fiction,Intermedio,Muy alta,5,5,Bueno,117504.70000000001,10.126711100650509
How to Win Friends & Influence People,Dale Carnegie,4.7,25001,11,2015,Non Fiction,Intermedio,Muy alta,5,5,Bueno,117504.70000000001,10.126711100650509
How to Win Friends & Influence People,Dale Carnegie,4.7,25001,11,2016,Non Fiction,Intermedio,Muy alta,5,5,Bueno,117504.70000000001,10.126711100650509
How to Win Friends & Influence People,Dale Carnegie,4.7,25001,11,2017,Non Fiction,Intermedio,Muy alta,5,5,Bueno,117504.70000000001,10.126711100650509
How to Win Friends & Influence People,Dale Carnegie,4.7,25001,11,2018,Non Fiction,Intermedio,Muy alta,5,5,Bueno,117504.70000000001,10.126711100650509
Howard Stern Comes Again,Howard Stern,4.3,5272,16,2019,Non Fiction,Intermedio,Media,1,1,Regular,22669.6,8.57035473953047
Humans of New York,Brandon Stanton,4.8,3490,15,2013,Non Fiction,Intermedio,Baja,2,3,Excelente,16752.0,8.157943507105037
Humans of New York,Brandon Stanton,4.8,3490,15,2014,Non Fiction,Intermedio,Baja,2,3,Excelente,16752.0,8.157943507105037
Humans of New York : Stories,Brandon Stanton,4.9,2812,17,2015,Non Fiction,Intermedio,Baja,1,3,Excelente,13778.800000000001,7.9420068084898565
"Hyperbole and a Half: Unfortunate Situations, Flawed Coping Mechanisms, Mayhem, and Other Things That Happened",Allie Brosh,4.7,4896,17,2013,Non Fiction,Intermedio,Media,1,1,Bueno,23011.2,8.496378051702317
"I Am Confident, Brave & Beautiful: A Coloring Book for Girls",Hopscotch Girls,4.8,9737,7,2019,Non Fiction,Barato,Media,1,1,Excelente,46737.6,9.183791036742646
"I, Alex Cross",James Patterson,4.6,1320,7,2009,Fiction,Barato,Baja,1,2,Bueno,6071.999999999999,7.186144304522325
If Animals Kissed Good Night,Ann Whitford Paul,4.8,16643,4,2017,Fiction,Barato,Media,2,2,Excelente,79886.4,9.719805070102831
If Animals Kissed Good Night,Ann Whitford Paul,4.8,16643,4,2019,Fiction,Barato,Media,2,2,Excelente,79886.4,9.719805070102831
If I Stay,Gayle Forman,4.3,7153,9,2014,Fiction,Barato,Media,1,1,Regular,30757.899999999998,8.875426919818963
"In the Garden of Beasts: Love, Terror, and an American Family in Hitler's Berlin",Eric Larson,4.4,4571,21,2011,Non Fiction,Caro,Media,1,1,Regular,20112.4,8.427706024914702
Inferno,Dan Brown,4.1,29651,14,2013,Fiction,Intermedio,Muy alta,1,3,Regular,121569.09999999999,10.29728485577661
Inheritance: Book IV (Inheritance Cycle),Christopher Paolini,4.6,5299,20,2011,Fiction,Intermedio,Media,1,1,Bueno,24375.399999999998,8.575462099540212
Instant Pot Pressure Cooker Cookbook: 500 Everyday Recipes for Beginners and Advanced Users. Try Easy and Healthy…,Jennifer Smith,4.4,7396,13,2019,Non Fiction,Intermedio,Media,2,2,Regular,32542.4,8.908829791587868
Instant Pot Pressure Cooker Cookbook: 500 Everyday Recipes for Beginners and Advanced Users. Try Easy and Healthy…,Jennifer Smith,4.4,7396,13,2018,Non Fiction,Intermedio,Media,2,2,Regular,32542.4,8.908829791587868
It's Not Supposed to Be This Way: Finding Unexpected Strength When Disappointments Leave You Shattered,Lysa TerKeurst,4.8,7062,12,2019,Non Fiction,Intermedio,Media,1,2,Excelente,33897.6,8.862625169408922
Jesus Calling: Enjoying Peace in His Presence (with Scripture References),Sarah Young,4.9,19576,8,2011,Non Fiction,Barato,Alta,6,6,Excelente,95922.40000000001,9.882110686776542
Jesus Calling: Enjoying Peace in His Presence (with Scripture References),Sarah Young,4.9,19576,8,2012,Non Fiction,Barato,Alta,6,6,Excelente,95922.40000000001,9.882110686776542
Jesus Calling: Enjoying Peace in His Presence (with Scripture References),Sarah Young,4.9,19576,8,2013,Non Fiction,Barato,Alta,6,6,Excelente,95922.40000000001,9.882110686776542
Jesus Calling: Enjoying Peace in His Presence (with Scripture References),Sarah Young,4.9,19576,8,2014,Non Fiction,Barato,Alta,6,6,Excelente,95922.40000000001,9.882110686776542
Jesus Calling: Enjoying Peace in His Presence (with Scripture References),Sarah Young,4.9,19576,8,2015,Non Fiction,Barato,Alta,6,6,Excelente,95922.40000000001,9.882110686776542
Jesus Calling: Enjoying Peace in His Presence (with Scripture References),Sarah Young,4.9,19576,8,2016,Non Fiction,Barato,Alta,6,6,Excelente,95922.40000000001,9.882110686776542
JOURNEY TO THE ICE P,RH Disney,4.6,978,0,2014,Fiction,Barato,Baja,1,2,Bueno,4498.799999999999,6.88653164253051
Joyland (Hard Case Crime),Stephen King,4.5,4748,12,2013,Fiction,Intermedio,Media,1,4,Bueno,21366.0,8.465689348549121
Killers of the Flower Moon: The Osage Murders and the Birth of the FBI,David Grann,4.6,8393,17,2017,Non Fiction,Intermedio,Media,1,1,Bueno,38607.799999999996,9.035272443893536
Killing Jesus (Bill O'Reilly's Killing Series),Bill O'Reilly,4.5,11391,12,2013,Non Fiction,Intermedio,Media,1,7,Bueno,51259.5,9.340666633651757
Killing Kennedy: The End of Camelot,Bill O'Reilly,4.6,8634,25,2012,Non Fiction,Caro,Media,1,7,Bueno,39716.399999999994,9.06357899058078
Killing Lincoln: The Shocking Assassination that Changed America Forever (Bill O'Reilly's Killing Series),Bill O'Reilly,4.7,9342,10,2011,Non Fiction,Intermedio,Media,2,7,Bueno,43907.4,9.142382678792956
Killing Lincoln: The Shocking Assassination that Changed America Forever (Bill O'Reilly's Killing Series),Bill O'Reilly,4.7,9342,10,2012,Non Fiction,Intermedio,Media,2,7,Bueno,43907.4,9.142382678792956
Killing Patton: The Strange Death of World War II's Most Audacious General (Bill O'Reilly's Killing Series),Bill O'Reilly,4.6,10927,6,2014,Non Fiction,Barato,Media,1,7,Bueno,50264.2,9.29908358181057
Killing Reagan: The Violent Assault That Changed a Presidency (Bill O'Reilly's Killing Series),Bill O'Reilly,4.6,5235,5,2015,Non Fiction,Barato,Media,1,7,Bueno,24080.999999999996,8.56331312702979
Killing the Rising Sun: How America Vanquished World War II Japan (Bill O'Reilly's Killing Series),Bill O'Reilly,4.8,8916,6,2016,Non Fiction,Barato,Media,1,7,Excelente,42796.799999999996,9.095714846134879
Kitchen Confidential Updated Edition: Adventures in the Culinary Underbelly (P.S.),Anthony Bourdain,4.8,2507,8,2018,Non Fiction,Barato,Baja,1,1,Excelente,12033.6,7.827240901752812
Knock-Knock Jokes for Kids,Rob Elliott,4.5,3673,4,2013,Non Fiction,Barato,Baja,3,8,Bueno,16528.5,8.20903626577507
Knock-Knock Jokes for Kids,Rob Elliott,4.5,3673,4,2014,Non Fiction,Barato,Baja,3,8,Bueno,16528.5,8.20903626577507
Knock-Knock Jokes for Kids,Rob Elliott,4.5,3673,4,2015,Non Fiction,Barato,Baja,3,8,Bueno,16528.5,8.20903626577507
"Last Week Tonight with John Oliver Presents A Day in the Life of Marlon Bundo (Better Bundo Book, LGBT Childrens Book)",Jill Twiss,4.9,11881,13,2018,Fiction,Intermedio,Media,1,1,Excelente,58216.9,9.382779928915687
Laugh-Out-Loud Jokes for Kids,Rob Elliott,4.6,6990,4,2013,Non Fiction,Barato,Media,5,8,Bueno,32153.999999999996,8.852378886511985
Laugh-Out-Loud Jokes for Kids,Rob Elliott,4.6,6990,4,2014,Non Fiction,Barato,Media,5,8,Bueno,32153.999999999996,8.852378886511985
Laugh-Out-Loud Jokes for Kids,Rob Elliott,4.6,6990,4,2015,Non Fiction,Barato,Media,5,8,Bueno,32153.999999999996,8.852378886511985
Laugh-Out-Loud Jokes for Kids,Rob Elliott,4.6,6990,4,2016,Non Fiction,Barato,Media,5,8,Bueno,32153.999999999996,8.852378886511985
Laugh-Out-Loud Jokes for Kids,Rob Elliott,4.6,6990,4,2017,Non Fiction,Barato,Media,5,8,Bueno,32153.999999999996,8.852378886511985
"Lean In: Women, Work, and the Will to Lead",Sheryl Sandberg,4.5,6132,13,2013,Non Fiction,Intermedio,Media,1,2,Bueno,27594.0,8.721439305625983
Leonardo da Vinci,Walter Isaacson,4.5,3014,21,2017,Non Fiction,Caro,Baja,1,3,Bueno,13563.0,8.011355109161286
Lettering and Modern Calligraphy: A Beginner's Guide: Learn Hand Lettering and Brush Lettering,Paper Peony Press,4.4,7550,6,2018,Non Fiction,Barato,Media,1,1,Regular,33220.0,8.929435283803425
Liberty and Tyranny: A Conservative Manifesto,Mark R. Levin,4.8,3828,15,2009,Non Fiction,Intermedio,Baja,1,2,Excelente,18374.399999999998,8.250358951477294
Life,Keith Richards,4.5,2752,18,2010,Non Fiction,Intermedio,Baja,1,1,Bueno,12384.0,7.920446505142607
Little Bee: A Novel,Chris Cleave,4.1,1467,10,2010,Fiction,Intermedio,Baja,1,1,Regular,6014.7,7.291656209174461
Little Blue Truck,Alice Schertle,4.9,1884,0,2014,Fiction,Barato,Baja,1,1,Excelente,9231.6,7.541683099882111
Little Fires Everywhere,Celeste Ng,4.5,25706,12,2018,Fiction,Intermedio,Muy alta,1,1,Bueno,115677.0,10.154518607337229
Looking for Alaska,John Green,4.5,8491,7,2014,Fiction,Barato,Media,1,5,Bueno,38209.5,9.046879822823147
"Love Wins: A Book About Heaven, Hell, and the Fate of Every Person Who Ever Lived",Rob Bell,4.2,1649,13,2011,Non Fiction,Intermedio,Baja,1,1,Regular,6925.8,7.408530566894626
Love You Forever,Robert Munsch,4.8,18613,5,2014,Fiction,Barato,Alta,2,2,Excelente,89342.4,9.831669264745656
Love You Forever,Robert Munsch,4.8,18613,5,2015,Fiction,Barato,Alta,2,2,Excelente,89342.4,9.831669264745656
Magnolia Table: A Collection of Recipes for Gathering,Joanna Gaines,4.8,9867,16,2018,Non Fiction,Intermedio,Media,1,2,Excelente,47361.6,9.197052477649247
Make It Ahead: A Barefoot Contessa Cookbook,Ina Garten,4.5,1386,20,2014,Non Fiction,Intermedio,Baja,1,3,Bueno,6237.0,7.234898420314831
Make Your Bed: Little Things That Can Change Your Life...And Maybe the World,Admiral William H. McRaven,4.7,10199,11,2017,Non Fiction,Intermedio,Media,1,1,Bueno,47935.3,9.230142999272362
"Mastering the Art of French Cooking, Vol. 2",Julia Child,4.8,2926,27,2009,Non Fiction,Caro,Baja,1,1,Excelente,14044.8,7.9817332866918855
Milk and Honey,Rupi Kaur,4.7,17739,8,2016,Non Fiction,Barato,Alta,3,4,Bueno,83373.3,9.78357725586357
Milk and Honey,Rupi Kaur,4.7,17739,8,2017,Non Fiction,Barato,Alta,3,4,Bueno,83373.3,9.78357725586357
Milk and Honey,Rupi Kaur,4.7,17739,8,2018,Non Fiction,Barato,Alta,3,4,Bueno,83373.3,9.78357725586357
Milk and Vine: Inspirational Quotes From Classic Vines,Adam Gasiewski,4.4,3113,6,2017,Non Fiction,Barato,Baja,1,1,Regular,13697.2,8.043663352393944
Mindset: The New Psychology of Success,Carol S. Dweck,4.6,5542,10,2014,Non Fiction,Intermedio,Media,3,3,Bueno,25493.199999999997,8.620291149419804
Mindset: The New Psychology of Success,Carol S. Dweck,4.6,5542,10,2015,Non Fiction,Intermedio,Media,3,3,Bueno,25493.199999999997,8.620291149419804
Mindset: The New Psychology of Success,Carol S. Dweck,4.6,5542,10,2016,Non Fiction,Intermedio,Media,3,3,Bueno,25493.199999999997,8.620291149419804
Mockingjay (The Hunger Games),Suzanne Collins,4.5,26741,8,2010,Fiction,Barato,Muy alta,3,11,Bueno,120334.5,10.193990642174612
Mockingjay (The Hunger Games),Suzanne Collins,4.5,26741,8,2011,Fiction,Barato,Muy alta,3,11,Bueno,120334.5,10.193990642174612
Mockingjay (The Hunger Games),Suzanne Collins,4.5,26741,8,2012,Fiction,Barato,Muy alta,3,11,Bueno,120334.5,10.193990642174612
"National Geographic Kids Why?: Over 1,111 Answers to Everything",Crispin Boyer,4.8,5347,16,2019,Non Fiction,Intermedio,Media,1,1,Excelente,25665.6,8.584477938221834
National Geographic Little Kids First Big Book of Why (National Geographic Little Kids First Big Books),Amy Shields,4.8,7866,11,2019,Non Fiction,Intermedio,Media,1,1,Excelente,37756.799999999996,8.970432074329242
New Moon (The Twilight Saga),Stephenie Meyer,4.6,5680,10,2009,Fiction,Intermedio,Media,1,7,Bueno,26127.999999999996,8.644882552557126
Night (Night),Elie Wiesel,4.7,5178,9,2016,Non Fiction,Barato,Media,1,1,Bueno,24336.600000000002,8.552367266423891
No Easy Day: The Autobiography of a Navy Seal: The Firsthand Account of the Mission That Killed Osama Bin Laden,Mark Owen,4.6,8093,14,2012,Non Fiction,Intermedio,Media,1,1,Bueno,37227.799999999996,8.998878325435811
Obama: An Intimate Portrait,Pete Souza,4.9,3192,22,2017,Non Fiction,Caro,Baja,1,1,Excelente,15640.800000000001,8.068716192714781
"Oh, the Places You'll Go!",Dr. Seuss,4.9,21834,8,2012,Fiction,Barato,Alta,8,9,Excelente,106986.6,9.991269465919661
"Oh, the Places You'll Go!",Dr. Seuss,4.9,21834,8,2013,Fiction,Barato,Alta,8,9,Excelente,106986.6,9.991269465919661
"Oh, the Places You'll Go!",Dr. Seuss,4.9,21834,8,2014,Fiction,Barato,Alta,8,9,Excelente,106986.6,9.991269465919661
"Oh, the Places You'll Go!",Dr. Seuss,4.9,21834,8,2015,Fiction,Barato,Alta,8,9,Excelente,106986.6,9.991269465919661
"Oh, the Places You'll Go!",Dr. Seuss,4.9,21834,8,2016,Fiction,Barato,Alta,8,9,Excelente,106986.6,9.991269465919661
"Oh, the Places You'll Go!",Dr. Seuss,4.9,21834,8,2017,Fiction,Barato,Alta,8,9,Excelente,106986.6,9.991269465919661
"Oh, the Places You'll Go!",Dr. Seuss,4.9,21834,8,2018,Fiction,Barato,Alta,8,9,Excelente,106986.6,9.991269465919661
"Oh, the Places You'll Go!",Dr. Seuss,4.9,21834,8,2019,Fiction,Barato,Alta,8,9,Excelente,106986.6,9.991269465919661
Old School (Diary of a Wimpy Kid #10),Jeff Kinney,4.8,6169,7,2015,Fiction,Barato,Media,1,12,Excelente,29611.199999999997,8.727454116899434
Olive Kitteridge,Elizabeth Strout,4.2,4519,12,2009,Fiction,Intermedio,Media,1,1,Regular,18979.8,8.416267272826277
One Thousand Gifts: A Dare to Live Fully Right Where You Are,Ann Voskamp,4.6,3163,13,2011,Non Fiction,Intermedio,Baja,2,2,Bueno,14549.8,8.059592328887545
One Thousand Gifts: A Dare to Live Fully Right Where You Are,Ann Voskamp,4.6,3163,13,2012,Non Fiction,Intermedio,Baja,2,2,Bueno,14549.8,8.059592328887545
"Option B: Facing Adversity, Building Resilience, and Finding Joy",Sheryl Sandberg,4.5,1831,9,2017,Non Fiction,Barato,Baja,1,2,Bueno,8239.5,7.513163545234075
Origin: A Novel (Robert Langdon),Dan Brown,4.3,18904,13,2017,Fiction,Intermedio,Alta,1,3,Regular,81287.2,9.847181716325034
Orphan Train,Christina Baker Kline,4.6,21930,11,2014,Fiction,Intermedio,Alta,1,1,Bueno,100877.99999999999,9.995656440007505
Outliers: The Story of Success,Malcolm Gladwell,4.6,10426,20,2009,Non Fiction,Intermedio,Media,2,4,Bueno,47959.6,9.252153874789594
Outliers: The Story of Success,Malcolm Gladwell,4.6,10426,20,2010,Non Fiction,Intermedio,Media,2,4,Bueno,47959.6,9.252153874789594
P is for Potty! (Sesame Street) (Lift-the-Flap),Naomi Kleinberg,4.7,10820,5,2018,Non Fiction,Barato,Media,2,2,Bueno,50854.0,9.289243969571649
P is for Potty! (Sesame Street) (Lift-the-Flap),Naomi Kleinberg,4.7,10820,5,2019,Non Fiction,Barato,Media,2,2,Bueno,50854.0,9.289243969571649
Percy Jackson and the Olympians Paperback Boxed Set (Books 1-3),Rick Riordan,4.8,548,2,2010,Fiction,Barato,Baja,1,11,Excelente,2630.4,6.3080984415095305
Player's Handbook (Dungeons & Dragons),Wizards RPG Team,4.8,16990,27,2017,Fiction,Caro,Media,3,3,Excelente,81552.0,9.740439071085758
Player's Handbook (Dungeons & Dragons),Wizards RPG Team,4.8,16990,27,2018,Fiction,Caro,Media,3,3,Excelente,81552.0,9.740439071085758
Player's Handbook (Dungeons & Dragons),Wizards RPG Team,4.8,16990,27,2019,Fiction,Caro,Media,3,3,Excelente,81552.0,9.740439071085758
Pokémon Deluxe Essential Handbook: The Need-to-Know Stats and Facts on Over 700 Pokémon,Scholastic,4.7,3503,9,2016,Fiction,Barato,Baja,1,2,Bueno,16464.100000000002,8.161660452056282
Proof of Heaven: A Neurosurgeon's Journey into the Afterlife,Eben Alexander,4.3,13616,10,2012,Non Fiction,Intermedio,Media,2,2,Regular,58548.799999999996,9.519074291124575
Proof of Heaven: A Neurosurgeon's Journey into the Afterlife,Eben Alexander,4.3,13616,10,2013,Non Fiction,Intermedio,Media,2,2,Regular,58548.799999999996,9.519074291124575
"Publication Manual of the American Psychological Association, 6th Edition",American Psychological Association,4.5,8580,46,2009,Non Fiction,Caro,Media,10,10,Bueno,38610.0,9.057305735807121
"Publication Manual of the American Psychological Association, 6th Edition",American Psychological Association,4.5,8580,46,2010,Non Fiction,Caro,Media,10,10,Bueno,38610.0,9.057305735807121
"Publication Manual of the American Psychological Association, 6th Edition",American Psychological Association,4.5,8580,46,2011,Non Fiction,Caro,Media,10,10,Bueno,38610.0,9.057305735807121
"Publication Manual of the American Psychological Association, 6th Edition",American Psychological Association,4.5,8580,46,2012,Non Fiction,Caro,Media,10,10,Bueno,38610.0,9.057305735807121
"Publication Manual of the American Psychological Association, 6th Edition",American Psychological Association,4.5,8580,46,2013,Non Fiction,Caro,Media,10,10,Bueno,38610.0,9.057305735807121
"Publication Manual of the American Psychological Association, 6th Edition",American Psychological Association,4.5,8580,46,2014,Non Fiction,Caro,Media,10,10,Bueno,38610.0,9.057305735807121
"Publication Manual of the American Psychological Association, 6th Edition",American Psychological Association,4.5,8580,46,2015,Non Fiction,Caro,Media,10,10,Bueno,38610.0,9.057305735807121
"Publication Manual of the American Psychological Association, 6th Edition",American Psychological Association,4.5,8580,46,2016,Non Fiction,Caro,Media,10,10,Bueno,38610.0,9.057305735807121
"Publication Manual of the American Psychological Association, 6th Edition",American Psychological Association,4.5,8580,46,2017,Non Fiction,Caro,Media,10,10,Bueno,38610.0,9.057305735807121
"Publication Manual of the American Psychological Association, 6th Edition",American Psychological Association,4.5,8580,46,2018,Non Fiction,Caro,Media,10,10,Bueno,38610.0,9.057305735807121
Puppy Birthday to You! (Paw Patrol) (Little Golden Book),Golden Books,4.8,4757,4,2017,Fiction,Barato,Media,1,1,Excelente,22833.6,8.467582690862903
Quiet: The Power of Introverts in a World That Can't Stop Talking,Susan Cain,4.6,10009,20,2012,Non Fiction,Intermedio,Media,2,2,Bueno,46041.399999999994,9.211339872309265
Quiet: The Power of Introverts in a World That Can't Stop Talking,Susan Cain,4.6,10009,7,2013,Non Fiction,Barato,Media,2,2,Bueno,46041.399999999994,9.211339872309265
Radical: Taking Back Your Faith from the American Dream,David Platt,4.7,1985,9,2010,Non Fiction,Barato,Baja,2,2,Bueno,9329.5,7.593877844605118
Radical: Taking Back Your Faith from the American Dream,David Platt,4.7,1985,9,2011,Non Fiction,Barato,Baja,2,2,Bueno,9329.5,7.593877844605118
Ready Player One: A Novel,Ernest Cline,4.6,22536,12,2017,Fiction,Intermedio,Alta,2,2,Bueno,103665.59999999999,10.022913682018666
Ready Player One: A Novel,Ernest Cline,4.6,22536,12,2018,Fiction,Intermedio,Alta,2,2,Bueno,103665.59999999999,10.022913682018666
Rush Revere and the Brave Pilgrims: Time-Travel Adventures with Exceptional Americans (1),Rush Limbaugh,4.9,7150,12,2013,Fiction,Intermedio,Media,1,2,Excelente,35035.0,8.875007486048396
Rush Revere and the First Patriots: Time-Travel Adventures With Exceptional Americans (2),Rush Limbaugh,4.9,3836,12,2014,Fiction,Intermedio,Baja,1,2,Excelente,18796.4,8.252446090246952
"Salt, Fat, Acid, Heat: Mastering the Elements of Good Cooking",Samin Nosrat,4.8,7802,20,2018,Non Fiction,Intermedio,Media,2,2,Excelente,37449.6,8.962263554116761
"Salt, Fat, Acid, Heat: Mastering the Elements of Good Cooking",Samin Nosrat,4.8,7802,20,2019,Non Fiction,Intermedio,Media,2,2,Excelente,37449.6,8.962263554116761
Sarah's Key,Tatiana de Rosnay,4.6,3619,10,2010,Fiction,Intermedio,Baja,1,1,Bueno,16647.399999999998,8.194229304819817
"School Zone - Big Preschool Workbook - Ages 4 and Up, Colors, Shapes, Numbers 1-10, Alphabet, Pre-Writing, Pre-Reading…",School Zone,4.8,23047,6,2018,Non Fiction,Barato,Alta,2,2,Excelente,110625.59999999999,10.045334276764365
"School Zone - Big Preschool Workbook - Ages 4 and Up, Colors, Shapes, Numbers 1-10, Alphabet, Pre-Writing, Pre-Reading…",School Zone,4.8,23047,6,2019,Non Fiction,Barato,Alta,2,2,Excelente,110625.59999999999,10.045334276764365
"Secret Garden: An Inky Treasure Hunt and Coloring Book (For Adults, mindfulness coloring)",Johanna Basford,4.7,9366,9,2015,Non Fiction,Barato,Media,1,2,Bueno,44020.200000000004,9.14494815320913
Sh*t My Dad Says,Justin Halpern,4.7,1265,11,2010,Non Fiction,Intermedio,Baja,1,1,Bueno,5945.5,7.143617602704121
Ship of Fools: How a Selfish Ruling Class Is Bringing America to the Brink of Revolution,Tucker Carlson,4.8,3923,16,2018,Non Fiction,Intermedio,Baja,1,1,Excelente,18830.399999999998,8.274866820685254
Shred: The Revolutionary Diet: 6 Weeks 4 Inches 2 Sizes,Ian K. Smith M.D.,4.1,2272,6,2013,Non Fiction,Barato,Baja,1,1,Regular,9315.199999999999,7.728855823852543
Sookie Stackhouse,Charlaine Harris,4.7,973,25,2009,Fiction,Caro,Baja,1,4,Bueno,4573.1,6.881411303642535
"Soul Healing Miracles: Ancient and New Sacred Wisdom, Knowledge, and Practical Techniques for Healing the Spiritual…",Zhi Gang Sha,4.6,220,17,2013,Non Fiction,Intermedio,Baja,1,2,Bueno,1011.9999999999999,5.3981627015177525
Steve Jobs,Walter Isaacson,4.6,7827,20,2011,Non Fiction,Intermedio,Media,2,3,Bueno,36004.2,8.965462328515967
Steve Jobs,Walter Isaacson,4.6,7827,20,2012,Non Fiction,Intermedio,Media,2,3,Bueno,36004.2,8.965462328515967
Strange Planet (Strange Planet Series),Nathan W. Pyle,4.9,9382,6,2019,Fiction,Barato,Media,1,1,Excelente,45971.8,9.146654820290049
StrengthsFinder 2.0,Gallup,4.0,5069,17,2009,Non Fiction,Intermedio,Media,9,9,Regular,20276.0,8.531096096585228
StrengthsFinder 2.0,Gallup,4.0,5069,17,2010,Non Fiction,Intermedio,Media,9,9,Regular,20276.0,8.531096096585228
StrengthsFinder 2.0,Gallup,4.0,5069,17,2011,Non Fiction,Intermedio,Media,9,9,Regular,20276.0,8.531096096585228
StrengthsFinder 2.0,Gallup,4.0,5069,17,2012,Non Fiction,Intermedio,Media,9,9,Regular,20276.0,8.531096096585228
StrengthsFinder 2.0,Gallup,4.0,5069,17,2013,Non Fiction,Intermedio,Media,9,9,Regular,20276.0,8.531096096585228
StrengthsFinder 2.0,Gallup,4.0,5069,17,2014,Non Fiction,Intermedio,Media,9,9,Regular,20276.0,8.531096096585228
StrengthsFinder 2.0,Gallup,4.0,5069,17,2015,Non Fiction,Intermedio,Media,9,9,Regular,20276.0,8.531096096585228
StrengthsFinder 2.0,Gallup,4.0,5069,17,2016,Non Fiction,Intermedio,Media,9,9,Regular,20276.0,8.531096096585228
StrengthsFinder 2.0,Gallup,4.0,5069,17,2017,Non Fiction,Intermedio,Media,9,9,Regular,20276.0,8.531096096585228
"Super Freakonomics: Global Cooling, Patriotic Prostitutes, and Why Suicide Bombers Should Buy Life Insurance",Steven D. Levitt,4.5,1583,18,2009,Non Fiction,Intermedio,Baja,1,1,Bueno,7123.5,7.367708572374371
Switch: How to Change Things When Change Is Hard,Chip Heath,4.6,1907,13,2010,Non Fiction,Intermedio,Baja,1,1,Bueno,8772.199999999999,7.553810852008231
Sycamore Row (Jake Brigance),John Grisham,4.5,23114,18,2013,Fiction,Intermedio,Alta,1,5,Bueno,104013.0,10.048237036422325
Teach Like a Champion: 49 Techniques that Put Students on the Path to College,Doug Lemov,4.4,637,20,2010,Non Fiction,Intermedio,Baja,2,2,Regular,2802.8,6.45833828334479
Teach Like a Champion: 49 Techniques that Put Students on the Path to College,Doug Lemov,4.4,637,20,2011,Non Fiction,Intermedio,Baja,2,2,Regular,2802.8,6.45833828334479
The 17 Day Diet: A Doctor's Plan Designed for Rapid Results,Mike Moreno,4.3,2314,22,2011,Non Fiction,Caro,Baja,1,1,Regular,9950.199999999999,7.747164966520335
"The 4 Hour Body: An Uncommon Guide to Rapid Fat Loss, Incredible Sex and Becoming Superhuman",Timothy Ferriss,4.3,4587,21,2011,Non Fiction,Caro,Media,1,2,Regular,19724.1,8.431199478249262
The 5 Love Languages: The Secret to Love That Lasts,Gary Chapman,4.7,3477,28,2010,Non Fiction,Caro,Baja,5,11,Bueno,16341.900000000001,8.154212694914229
The 5 Love Languages: The Secret to Love That Lasts,Gary Chapman,4.7,3477,28,2011,Non Fiction,Caro,Baja,5,11,Bueno,16341.900000000001,8.154212694914229
The 5 Love Languages: The Secret to Love That Lasts,Gary Chapman,4.7,3477,28,2012,Non Fiction,Caro,Baja,5,11,Bueno,16341.900000000001,8.154212694914229
The 5 Love Languages: The Secret to Love That Lasts,Gary Chapman,4.7,3477,28,2013,Non Fiction,Caro,Baja,5,11,Bueno,16341.900000000001,8.154212694914229
The 5 Love Languages: The Secret to Love That Lasts,Gary Chapman,4.7,3477,28,2014,Non Fiction,Caro,Baja,5,11,Bueno,16341.900000000001,8.154212694914229
The 5 Love Languages: The Secret to Love that Lasts,Gary Chapman,4.8,25554,8,2015,Non Fiction,Barato,Muy alta,5,11,Excelente,122659.2,10.14858827120238
The 5 Love Languages: The Secret to Love that Lasts,Gary Chapman,4.8,25554,8,2016,Non Fiction,Barato,Muy alta,5,11,Excelente,122659.2,10.14858827120238
The 5 Love Languages: The Secret to Love that Lasts,Gary Chapman,4.8,25554,8,2017,Non Fiction,Barato,Muy alta,5,11,Excelente,122659.2,10.14858827120238
The 5 Love Languages: The Secret to Love that Lasts,Gary Chapman,4.8,25554,8,2018,Non Fiction,Barato,Muy alta,5,11,Excelente,122659.2,10.14858827120238
The 5 Love Languages: The Secret to Love that Lasts,Gary Chapman,4.8,25554,8,2019,Non Fiction,Barato,Muy alta,5,11,Excelente,122659.2,10.14858827120238
The 5000 Year Leap,W. Cleon Skousen,4.8,1680,12,2009,Non Fiction,Intermedio,Baja,1,1,Excelente,8064.0,7.427144133408616
The 7 Habits of Highly Effective People: Powerful Lessons in Personal Change,Stephen R. Covey,4.6,9325,24,2009,Non Fiction,Caro,Media,7,7,Bueno,42895.0,9.140561477368266
The 7 Habits of Highly Effective People: Powerful Lessons in Personal Change,Stephen R. Covey,4.6,9325,24,2011,Non Fiction,Caro,Media,7,7,Bueno,42895.0,9.140561477368266
The 7 Habits of Highly Effective People: Powerful Lessons in Personal Change,Stephen R. Covey,4.6,9325,24,2012,Non Fiction,Caro,Media,7,7,Bueno,42895.0,9.140561477368266
The 7 Habits of Highly Effective People: Powerful Lessons in Personal Change,Stephen R. Covey,4.6,9325,24,2013,Non Fiction,Caro,Media,7,7,Bueno,42895.0,9.140561477368266
The 7 Habits of Highly Effective People: Powerful Lessons in Personal Change,Stephen R. Covey,4.7,4725,16,2015,Non Fiction,Intermedio,Media,7,7,Bueno,22207.5,8.460834457746854
The 7 Habits of Highly Effective People: Powerful Lessons in Personal Change,Stephen R. Covey,4.7,4725,16,2016,Non Fiction,Intermedio,Media,7,7,Bueno,22207.5,8.460834457746854
The 7 Habits of Highly Effective People: Powerful Lessons in Personal Change,Stephen R. Covey,4.7,4725,16,2017,Non Fiction,Intermedio,Media,7,7,Bueno,22207.5,8.460834457746854
The Alchemist,Paulo Coelho,4.7,35799,39,2014,Fiction,Caro,Muy alta,1,1,Bueno,168255.30000000002,10.485703172388792
The Amateur,Edward Klein,4.6,2580,9,2012,Non Fiction,Barato,Baja,1,1,Bueno,11867.999999999998,7.855932199718614
The Art of Racing in the Rain: A Novel,Garth Stein,4.7,11813,10,2010,Fiction,Intermedio,Media,2,2,Bueno,55521.1,9.37704054786718
The Art of Racing in the Rain: A Novel,Garth Stein,4.7,11813,10,2011,Fiction,Intermedio,Media,2,2,Bueno,55521.1,9.37704054786718
The Big Short: Inside the Doomsday Machine,Michael Lewis,4.7,3536,17,2010,Non Fiction,Intermedio,Baja,1,1,Bueno,16619.2,8.17103418920548
The Blood of Olympus (The Heroes of Olympus (5)),Rick Riordan,4.8,6600,11,2014,Fiction,Intermedio,Media,1,11,Excelente,31680.0,8.79497643168877
"The Blood Sugar Solution: The UltraHealthy Program for Losing Weight, Preventing Disease, and Feeling Great Now!",Mark Hyman M.D.,4.2,1789,14,2012,Non Fiction,Intermedio,Baja,1,1,Regular,7513.8,7.489970898834801
"The Body Keeps the Score: Brain, Mind, and Body in the Healing of Trauma",Bessel van der Kolk M.D.,4.8,12361,12,2019,Non Fiction,Intermedio,Media,1,1,Excelente,59332.799999999996,9.422382530219219
The Book of Basketball: The NBA According to The Sports Guy,Bill Simmons,4.7,858,53,2009,Non Fiction,Caro,Baja,1,1,Bueno,4032.6000000000004,6.755768921984255
The Book Thief,Markus Zusak,4.6,23148,6,2013,Fiction,Barato,Alta,2,2,Bueno,106480.79999999999,10.049706862037105
The Book Thief,Markus Zusak,4.6,23148,6,2014,Fiction,Barato,Alta,2,2,Bueno,106480.79999999999,10.049706862037105
The Book with No Pictures,B. J. Novak,4.8,8081,8,2014,Fiction,Barato,Media,2,2,Excelente,38788.799999999996,8.997394645638419
The Book with No Pictures,B. J. Novak,4.8,8081,8,2015,Fiction,Barato,Media,2,2,Excelente,38788.799999999996,8.997394645638419
The Boys in the Boat: Nine Americans and Their Epic Quest for Gold at the 1936 Berlin Olympics,Daniel James Brown,4.8,23358,12,2014,Non Fiction,Intermedio,Alta,2,2,Excelente,112118.4,10.058737627806687
The Boys in the Boat: Nine Americans and Their Epic Quest for Gold at the 1936 Berlin Olympics,Daniel James Brown,4.8,23358,12,2015,Non Fiction,Intermedio,Alta,2,2,Excelente,112118.4,10.058737627806687
The Casual Vacancy,J.K. Rowling,3.3,9372,12,2012,Fiction,Intermedio,Media,1,6,Regular,30927.6,9.145588494746486
The China Study: The Most Comprehensive Study of Nutrition Ever Conducted And the Startling Implications for Diet…,Thomas Campbell,4.7,4633,21,2011,Non Fiction,Caro,Media,1,1,Bueno,21775.100000000002,8.441175704992322
The Complete Ketogenic Diet for Beginners: Your Essential Guide to Living the Keto Lifestyle,Amy Ramos,4.3,13061,6,2018,Non Fiction,Barato,Media,2,2,Regular,56162.299999999996,9.477462530462603
The Complete Ketogenic Diet for Beginners: Your Essential Guide to Living the Keto Lifestyle,Amy Ramos,4.3,13061,6,2019,Non Fiction,Barato,Media,2,2,Regular,56162.299999999996,9.477462530462603
The Confession: A Novel,John Grisham,4.3,3523,13,2010,Fiction,Intermedio,Baja,1,5,Regular,15148.9,8.16735198705607
The Constitution of the United States,Delegates of the Constitutional,4.8,2774,0,2016,Non Fiction,Barato,Baja,1,1,Excelente,13315.199999999999,7.928406026180535
The Daily Show with Jon Stewart Presents Earth (The Book): A Visitor's Guide to the Human Race,Jon Stewart,4.4,440,11,2010,Non Fiction,Intermedio,Baja,1,1,Regular,1936.0000000000002,6.089044875446846
The Day the Crayons Quit,Drew Daywalt,4.8,8922,9,2013,Fiction,Barato,Media,3,3,Excelente,42825.6,9.09638749190015
The Day the Crayons Quit,Drew Daywalt,4.8,8922,9,2014,Fiction,Barato,Media,3,3,Excelente,42825.6,9.09638749190015
The Day the Crayons Quit,Drew Daywalt,4.8,8922,9,2015,Fiction,Barato,Media,3,3,Excelente,42825.6,9.09638749190015
"The Dukan Diet: 2 Steps to Lose the Weight, 2 Steps to Keep It Off Forever",Pierre Dukan,4.1,2023,15,2011,Non Fiction,Intermedio,Baja,1,1,Regular,8294.3,7.6128310304073565
The Elegance of the Hedgehog,Muriel Barbery,4.0,1859,11,2009,Fiction,Intermedio,Baja,1,1,Regular,7436.0,7.528331766707247
The Fault in Our Stars,John Green,4.7,50482,13,2012,Fiction,Intermedio,Muy alta,3,5,Bueno,237265.40000000002,10.829391924926254
The Fault in Our Stars,John Green,4.7,50482,13,2013,Fiction,Intermedio,Muy alta,3,5,Bueno,237265.40000000002,10.829391924926254
The Fault in Our Stars,John Green,4.7,50482,7,2014,Fiction,Barato,Muy alta,3,5,Bueno,237265.40000000002,10.829391924926254
The Fault in Our Stars,John Green,4.7,50482,13,2014,Fiction,Intermedio,Muy alta,3,5,Bueno,237265.40000000002,10.829391924926254
The Five Dysfunctions of a Team: A Leadership Fable,Patrick Lencioni,4.6,3207,6,2009,Non Fiction,Barato,Baja,5,5,Bueno,14752.199999999999,8.073402968986406
The Five Dysfunctions of a Team: A Leadership Fable,Patrick Lencioni,4.6,3207,6,2010,Non Fiction,Barato,Baja,5,5,Bueno,14752.199999999999,8.073402968986406
The Five Dysfunctions of a Team: A Leadership Fable,Patrick Lencioni,4.6,3207,6,2011,Non Fiction,Barato,Baja,5,5,Bueno,14752.199999999999,8.073402968986406
The Five Dysfunctions of a Team: A Leadership Fable,Patrick Lencioni,4.6,3207,6,2012,Non Fiction,Barato,Baja,5,5,Bueno,14752.199999999999,8.073402968986406
The Five Dysfunctions of a Team: A Leadership Fable,Patrick Lencioni,4.6,3207,6,2013,Non Fiction,Barato,Baja,5,5,Bueno,14752.199999999999,8.073402968986406
The Five Love Languages: How to Express Heartfelt Commitment to Your Mate,Gary Chapman,4.6,803,9,2009,Non Fiction,Barato,Baja,1,11,Bueno,3693.7999999999997,6.6895992691789665
The Four Agreements: A Practical Guide to Personal Freedom (A Toltec Wisdom Book),Don Miguel Ruiz,4.7,23308,6,2013,Non Fiction,Barato,Alta,6,6,Bueno,109547.6,10.05659483106667
The Four Agreements: A Practical Guide to Personal Freedom (A Toltec Wisdom Book),Don Miguel Ruiz,4.7,23308,6,2015,Non Fiction,Barato,Alta,6,6,Bueno,109547.6,10.05659483106667
The Four Agreements: A Practical Guide to Personal Freedom (A Toltec Wisdom Book),Don Miguel Ruiz,4.7,23308,6,2016,Non Fiction,Barato,Alta,6,6,Bueno,109547.6,10.05659483106667
The Four Agreements: A Practical Guide to Personal Freedom (A Toltec Wisdom Book),Don Miguel Ruiz,4.7,23308,6,2017,Non Fiction,Barato,Alta,6,6,Bueno,109547.6,10.05659483106667
The Four Agreements: A Practical Guide to Personal Freedom (A Toltec Wisdom Book),Don Miguel Ruiz,4.7,23308,6,2018,Non Fiction,Barato,Alta,6,6,Bueno,109547.6,10.05659483106667
The Four Agreements: A Practical Guide to Personal Freedom (A Toltec Wisdom Book),Don Miguel Ruiz,4.7,23308,6,2019,Non Fiction,Barato,Alta,6,6,Bueno,109547.6,10.05659483106667
The Getaway,Jeff Kinney,4.8,5836,0,2017,Fiction,Barato,Media,1,12,Excelente,28012.8,8.671972245203792
The Girl on the Train,Paula Hawkins,4.1,79446,18,2015,Fiction,Intermedio,Muy alta,2,2,Regular,325728.6,11.28284541165472
The Girl on the Train,Paula Hawkins,4.1,79446,7,2016,Fiction,Barato,Muy alta,2,2,Regular,325728.6,11.28284541165472
The Girl Who Kicked the Hornet's Nest (Millennium Trilogy),Stieg Larsson,4.7,7747,14,2010,Fiction,Intermedio,Media,2,6,Bueno,36410.9,8.955190024526887
The Girl Who Kicked the Hornet's Nest (Millennium Trilogy),Stieg Larsson,4.7,7747,14,2011,Fiction,Intermedio,Media,2,6,Bueno,36410.9,8.955190024526887
The Girl Who Played with Fire (Millennium Series),Stieg Larsson,4.7,7251,9,2010,Fiction,Barato,Media,1,6,Bueno,34079.700000000004,8.889032571874742
The Girl Who Played with Fire (Millennium),Stieg Larsson,4.7,7251,16,2009,Fiction,Intermedio,Media,1,6,Bueno,34079.700000000004,8.889032571874742
The Girl with the Dragon Tattoo (Millennium Series),Stieg Larsson,4.4,10559,2,2009,Fiction,Barato,Media,2,6,Regular,46459.600000000006,9.264828557260252
The Girl with the Dragon Tattoo (Millennium Series),Stieg Larsson,4.4,10559,2,2010,Fiction,Barato,Media,2,6,Regular,46459.600000000006,9.264828557260252
The Going-To-Bed Book,Sandra Boynton,4.8,5249,5,2016,Fiction,Barato,Media,2,2,Excelente,25195.2,8.565983355585669
The Going-To-Bed Book,Sandra Boynton,4.8,5249,5,2017,Fiction,Barato,Media,2,2,Excelente,25195.2,8.565983355585669
The Goldfinch: A Novel (Pulitzer Prize for Fiction),Donna Tartt,3.9,33844,20,2013,Fiction,Intermedio,Muy alta,2,2,Regular,131991.6,10.429546556942707
The Goldfinch: A Novel (Pulitzer Prize for Fiction),Donna Tartt,3.9,33844,20,2014,Fiction,Intermedio,Muy alta,2,2,Regular,131991.6,10.429546556942707
The Great Gatsby,F. Scott Fitzgerald,4.4,11616,7,2012,Fiction,Barato,Media,3,3,Regular,51110.4,9.360224821513475
The Great Gatsby,F. Scott Fitzgerald,4.4,11616,7,2013,Fiction,Barato,Media,3,3,Regular,51110.4,9.360224821513475
The Great Gatsby,F. Scott Fitzgerald,4.4,11616,7,2014,Fiction,Barato,Media,3,3,Regular,51110.4,9.360224821513475
The Guardians: A Novel,John Grisham,4.5,13609,14,2019,Fiction,Intermedio,Media,1,5,Bueno,61240.5,9.518560095645512
The Guernsey Literary and Potato Peel Pie Society,Mary Ann Shaffer,4.7,8587,10,2009,Fiction,Intermedio,Media,1,1,Bueno,40358.9,9.058121158998672
The Handmaid's Tale,Margaret Atwood,4.3,29442,7,2017,Fiction,Barato,Muy alta,1,1,Regular,126600.59999999999,10.290211469825051
The Harbinger: The Ancient Mystery that Holds the Secret of America's Future,Jonathan Cahn,4.6,11098,13,2012,Fiction,Intermedio,Media,1,1,Bueno,51050.799999999996,9.31461029315198
The Hate U Give,Angie Thomas,4.8,9947,11,2018,Fiction,Intermedio,Media,1,1,Excelente,47745.6,9.205126804923296
The Help,Kathryn Stockett,4.8,13871,6,2009,Fiction,Barato,Media,3,4,Excelente,66580.8,9.537627699020323
The Help,Kathryn Stockett,4.8,13871,6,2010,Fiction,Barato,Media,3,4,Excelente,66580.8,9.537627699020323
The Help,Kathryn Stockett,4.8,13871,8,2011,Fiction,Barato,Media,3,4,Excelente,66580.8,9.537627699020323
The Help,Kathryn Stockett,4.8,13871,7,2011,Fiction,Barato,Media,3,4,Excelente,66580.8,9.537627699020323
"The House of Hades (Heroes of Olympus, Book 4)",Rick Riordan,4.8,6982,14,2013,Fiction,Intermedio,Media,1,11,Excelente,33513.6,8.851233902846035
The Hunger Games,Suzanne Collins,4.7,32122,14,2010,Fiction,Intermedio,Muy alta,1,11,Bueno,150973.4,10.377327563450146
The Hunger Games (Book 1),Suzanne Collins,4.7,32122,8,2011,Fiction,Barato,Muy alta,2,11,Bueno,150973.4,10.377327563450146
The Hunger Games (Book 1),Suzanne Collins,4.7,32122,8,2012,Fiction,Barato,Muy alta,2,11,Bueno,150973.4,10.377327563450146
The Hunger Games Trilogy Boxed Set (1),Suzanne Collins,4.8,16949,30,2011,Fiction,Caro,Media,2,11,Excelente,81355.2,9.738023112808596
The Hunger Games Trilogy Boxed Set (1),Suzanne Collins,4.8,16949,30,2012,Fiction,Caro,Media,2,11,Excelente,81355.2,9.738023112808596
The Immortal Life of Henrietta Lacks,Rebecca Skloot,4.7,9289,13,2010,Non Fiction,Intermedio,Media,3,3,Bueno,43658.3,9.136693831807884
The Immortal Life of Henrietta Lacks,Rebecca Skloot,4.7,9289,9,2011,Non Fiction,Barato,Media,3,3,Bueno,43658.3,9.136693831807884
The Immortal Life of Henrietta Lacks,Rebecca Skloot,4.7,9289,9,2012,Non Fiction,Barato,Media,3,3,Bueno,43658.3,9.136693831807884
The Instant Pot Electric Pressure Cooker Cookbook: Easy Recipes for Fast & Healthy Meals,Laurel Randolph,4.3,7368,7,2017,Non Fiction,Barato,Media,2,2,Regular,31682.399999999998,8.905037290767
The Instant Pot Electric Pressure Cooker Cookbook: Easy Recipes for Fast & Healthy Meals,Laurel Randolph,4.3,7368,7,2018,Non Fiction,Barato,Media,2,2,Regular,31682.399999999998,8.905037290767
The Last Lecture,Randy Pausch,4.7,4028,9,2009,Non Fiction,Barato,Media,1,1,Bueno,18931.600000000002,8.301273485191347
"The Last Olympian (Percy Jackson and the Olympians, Book 5)",Rick Riordan,4.8,4628,7,2009,Fiction,Barato,Media,2,11,Excelente,22214.399999999998,8.44009614103127
"The Last Olympian (Percy Jackson and the Olympians, Book 5)",Rick Riordan,4.8,4628,7,2010,Fiction,Barato,Media,2,11,Excelente,22214.399999999998,8.44009614103127
The Legend of Zelda: Hyrule Historia,Patrick Thorpe,4.9,5396,20,2013,Fiction,Intermedio,Media,1,1,Excelente,26440.4,8.593598522618644
The Lego Ideas Book: Unlock Your Imagination,Daniel Lipkowitz,4.4,4247,13,2011,Non Fiction,Intermedio,Media,2,2,Regular,18686.800000000003,8.354203562921775
The Lego Ideas Book: Unlock Your Imagination,Daniel Lipkowitz,4.4,4247,13,2012,Non Fiction,Intermedio,Media,2,2,Regular,18686.800000000003,8.354203562921775
The Life-Changing Magic of Tidying Up: The Japanese Art of Decluttering and Organizing,Marie Kondō,4.5,22641,11,2015,Non Fiction,Intermedio,Alta,4,4,Bueno,101884.5,10.027561867638054
The Life-Changing Magic of Tidying Up: The Japanese Art of Decluttering and Organizing,Marie Kondō,4.5,22641,11,2016,Non Fiction,Intermedio,Alta,4,4,Bueno,101884.5,10.027561867638054
The Life-Changing Magic of Tidying Up: The Japanese Art of Decluttering and Organizing,Marie Kondō,4.5,22641,11,2017,Non Fiction,Intermedio,Alta,4,4,Bueno,101884.5,10.027561867638054
The Life-Changing Magic of Tidying Up: The Japanese Art of Decluttering and Organizing,Marie Kondō,4.5,22641,11,2019,Non Fiction,Intermedio,Alta,4,4,Bueno,101884.5,10.027561867638054
The Litigators,John Grisham,4.4,6222,18,2011,Fiction,Intermedio,Media,1,5,Regular,27376.800000000003,8.736007384569218
"The Lost Hero (Heroes of Olympus, Book 1)",Rick Riordan,4.8,4506,14,2010,Fiction,Intermedio,Media,1,11,Excelente,21628.8,8.413387022690648
The Lost Symbol,Dan Brown,4.2,8747,19,2009,Fiction,Intermedio,Media,1,3,Regular,36737.4,9.076580381796658
The Love Dare,Stephen Kendrick,4.8,1655,13,2009,Non Fiction,Intermedio,Baja,1,1,Excelente,7944.0,7.412160334945205
The Magnolia Story,Chip Gaines,4.9,7861,5,2016,Non Fiction,Barato,Media,1,1,Excelente,38518.9,8.969796305981806
"The Mark of Athena (Heroes of Olympus, Book 3)",Rick Riordan,4.8,6247,10,2012,Fiction,Intermedio,Media,1,11,Excelente,29985.6,8.740016691519521
The Martian,Andy Weir,4.7,39459,9,2015,Fiction,Barato,Muy alta,1,1,Bueno,185457.30000000002,10.583042779576607
The Maze Runner (Book 1),James Dashner,4.5,10101,8,2014,Fiction,Barato,Media,1,1,Bueno,45454.5,9.220488703027998
The Meltdown (Diary of a Wimpy Kid Book 13),Jeff Kinney,4.8,5898,8,2018,Fiction,Barato,Media,1,12,Excelente,28310.399999999998,8.682538124003075
The Mueller Report,The Washington Post,4.6,2744,12,2019,Non Fiction,Intermedio,Baja,1,1,Bueno,12622.4,7.917536353943631
The Nightingale: A Novel,Kristin Hannah,4.8,49288,11,2015,Fiction,Intermedio,Muy alta,2,2,Excelente,236582.4,10.805456211402726
The Nightingale: A Novel,Kristin Hannah,4.8,49288,11,2016,Fiction,Intermedio,Muy alta,2,2,Excelente,236582.4,10.805456211402726
The Official SAT Study Guide,The College Board,4.4,1201,40,2010,Non Fiction,Caro,Baja,5,6,Regular,5284.400000000001,7.091742115095153
The Official SAT Study Guide,The College Board,4.4,1201,40,2011,Non Fiction,Caro,Baja,5,6,Regular,5284.400000000001,7.091742115095153
The Official SAT Study Guide,The College Board,4.4,1201,40,2012,Non Fiction,Caro,Baja,5,6,Regular,5284.400000000001,7.091742115095153
The Official SAT Study Guide,The College Board,4.4,1201,40,2013,Non Fiction,Caro,Baja,5,6,Regular,5284.400000000001,7.091742115095153
The Official SAT Study Guide,The College Board,4.4,1201,40,2014,Non Fiction,Caro,Baja,5,6,Regular,5284.400000000001,7.091742115095153
"The Official SAT Study Guide, 2016 Edition (Official Study Guide for the New Sat)",The College Board,4.3,807,36,2016,Non Fiction,Caro,Baja,1,6,Regular,3470.1,6.694562058521095
The Paris Wife: A Novel,Paula McLain,4.3,3759,16,2011,Fiction,Intermedio,Baja,1,1,Regular,16163.699999999999,8.23217423638394
"The Pioneer Woman Cooks: A Year of Holidays: 140 Step-by-Step Recipes for Simple, Scrumptious Celebrations",Ree Drummond,4.8,2663,17,2013,Non Fiction,Intermedio,Baja,1,3,Excelente,12782.4,7.88758403166028
"The Pioneer Woman Cooks: Dinnertime - Comfort Classics, Freezer Food, 16-minute Meals, and Other Delicious Ways to Solve…",Ree Drummond,4.8,3428,14,2015,Non Fiction,Intermedio,Baja,1,3,Excelente,16454.399999999998,8.14002395246292
The Pioneer Woman Cooks: Food from My Frontier,Ree Drummond,4.8,2876,21,2012,Non Fiction,Caro,Baja,1,3,Excelente,13804.8,7.964503363551548
"The Plant Paradox Cookbook: 100 Delicious Recipes to Help You Lose Weight, Heal Your Gut, and Live Lectin-Free",Dr. Steven R Gundry MD,4.5,3601,18,2018,Non Fiction,Intermedio,Baja,1,2,Bueno,16204.5,8.189244525735901
"The Plant Paradox: The Hidden Dangers in ""Healthy"" Foods That Cause Disease and Weight Gain",Dr. Steven R Gundry MD,4.4,7058,17,2018,Non Fiction,Intermedio,Media,1,2,Regular,31055.2,8.862058677395472
The Pout-Pout Fish,Deborah Diesen,4.8,9784,5,2017,Fiction,Barato,Media,2,2,Excelente,46963.2,9.188605879830176
The Pout-Pout Fish,Deborah Diesen,4.8,9784,5,2018,Fiction,Barato,Media,2,2,Excelente,46963.2,9.188605879830176
The Power of Habit: Why We Do What We Do in Life and Business,Charles Duhigg,4.6,10795,21,2012,Non Fiction,Caro,Media,1,1,Bueno,49656.99999999999,9.286930974137896
The President Is Missing: A Novel,James Patterson,4.3,10191,18,2018,Fiction,Intermedio,Media,1,2,Regular,43821.299999999996,9.229358377811945
The Racketeer,John Grisham,4.3,14493,18,2012,Fiction,Intermedio,Media,1,5,Regular,62319.899999999994,9.581490049669227
"The Red Pyramid (The Kane Chronicles, Book 1)",Rick Riordan,4.6,2186,12,2010,Fiction,Intermedio,Baja,1,11,Bueno,10055.599999999999,7.690286020676768
"The Road to Serfdom: Text and Documents--The Definitive Edition (The Collected Works of F. A. Hayek, Volume 2)",F. A. Hayek,4.6,1204,14,2010,Non Fiction,Intermedio,Baja,1,1,Bueno,5538.4,7.094234845924755
"The Serpent's Shadow (The Kane Chronicles, Book 3)",Rick Riordan,4.8,2091,12,2012,Fiction,Intermedio,Baja,1,11,Excelente,10036.8,7.645875825184813
The Shack: Where Tragedy Confronts Eternity,William P. Young,4.6,19720,8,2009,Fiction,Barato,Alta,2,2,Bueno,90712.0,9.889439336810069
The Shack: Where Tragedy Confronts Eternity,William P. Young,4.6,19720,8,2017,Fiction,Barato,Alta,2,2,Bueno,90712.0,9.889439336810069
The Short Second Life of Bree Tanner: An Eclipse Novella (The Twilight Saga),Stephenie Meyer,4.6,2122,0,2010,Fiction,Barato,Baja,1,7,Bueno,9761.199999999999,7.660585461703256
The Silent Patient,Alex Michaelides,4.5,27536,14,2019,Fiction,Intermedio,Muy alta,1,1,Bueno,123912.0,10.2232858338872
"The Son of Neptune (Heroes of Olympus, Book 2)",Rick Riordan,4.8,4290,10,2011,Fiction,Intermedio,Media,1,11,Excelente,20592.0,8.364275084991524
The Subtle Art of Not Giving a F*ck: A Counterintuitive Approach to Living a Good Life,Mark Manson,4.6,26490,15,2017,Non Fiction,Intermedio,Muy alta,3,3,Bueno,121853.99999999999,10.184560331647974
The Subtle Art of Not Giving a F*ck: A Counterintuitive Approach to Living a Good Life,Mark Manson,4.6,26490,15,2018,Non Fiction,Intermedio,Muy alta,3,3,Bueno,121853.99999999999,10.184560331647974
The Subtle Art of Not Giving a F*ck: A Counterintuitive Approach to Living a Good Life,Mark Manson,4.6,26490,15,2019,Non Fiction,Intermedio,Muy alta,3,3,Bueno,121853.99999999999,10.184560331647974
The Sun and Her Flowers,Rupi Kaur,4.7,5487,9,2017,Non Fiction,Barato,Media,1,4,Bueno,25788.9,8.610319169405722
"The Third Wheel (Diary of a Wimpy Kid, Book 7)",Jeff Kinney,4.7,6377,7,2012,Fiction,Barato,Media,1,12,Bueno,29971.9,8.760609847570002
"The Throne of Fire (The Kane Chronicles, Book 2)",Rick Riordan,4.7,1463,10,2011,Fiction,Intermedio,Baja,1,11,Bueno,6876.1,7.288927694521257
The Time Traveler's Wife,Audrey Niffenegger,4.4,3759,6,2009,Fiction,Barato,Baja,1,1,Regular,16539.600000000002,8.23217423638394
The Tipping Point: How Little Things Can Make a Big Difference,Malcolm Gladwell,4.4,3503,9,2009,Non Fiction,Barato,Baja,1,4,Regular,15413.2,8.161660452056282
The Total Money Makeover: Classic Edition: A Proven Plan for Financial Fitness,Dave Ramsey,4.7,11550,10,2019,Non Fiction,Intermedio,Media,1,1,Bueno,54285.0,9.35452729228868
The Twilight Saga Collection,Stephenie Meyer,4.7,3801,82,2009,Fiction,Caro,Baja,1,7,Bueno,17864.7,8.243282523048375
"The Ugly Truth (Diary of a Wimpy Kid, Book 5)",Jeff Kinney,4.8,3796,12,2010,Fiction,Intermedio,Baja,1,12,Excelente,18220.8,8.241966560231802
The Unofficial Harry Potter Cookbook: From Cauldron Cakes to Knickerbocker Glory--More Than 150 Magical Recipes for…,Dinah Bucholz,4.7,9030,10,2019,Non Fiction,Intermedio,Media,1,1,Bueno,42441.0,9.108418382250798
The Very Hungry Caterpillar,Eric Carle,4.9,19546,5,2013,Fiction,Barato,Alta,7,7,Excelente,95775.40000000001,9.880577100953023
The Very Hungry Caterpillar,Eric Carle,4.9,19546,5,2014,Fiction,Barato,Alta,7,7,Excelente,95775.40000000001,9.880577100953023
The Very Hungry Caterpillar,Eric Carle,4.9,19546,5,2015,Fiction,Barato,Alta,7,7,Excelente,95775.40000000001,9.880577100953023
The Very Hungry Caterpillar,Eric Carle,4.9,19546,5,2016,Fiction,Barato,Alta,7,7,Excelente,95775.40000000001,9.880577100953023
The Very Hungry Caterpillar,Eric Carle,4.9,19546,5,2017,Fiction,Barato,Alta,7,7,Excelente,95775.40000000001,9.880577100953023
The Very Hungry Caterpillar,Eric Carle,4.9,19546,5,2018,Fiction,Barato,Alta,7,7,Excelente,95775.40000000001,9.880577100953023
The Very Hungry Caterpillar,Eric Carle,4.9,19546,5,2019,Fiction,Barato,Alta,7,7,Excelente,95775.40000000001,9.880577100953023
The Whole30: The 30-Day Guide to Total Health and Food Freedom,Melissa Hartwig Urban,4.6,7508,16,2015,Non Fiction,Intermedio,Media,3,3,Bueno,34536.799999999996,8.923857580099885
The Whole30: The 30-Day Guide to Total Health and Food Freedom,Melissa Hartwig Urban,4.6,7508,16,2016,Non Fiction,Intermedio,Media,3,3,Bueno,34536.799999999996,8.923857580099885
The Whole30: The 30-Day Guide to Total Health and Food Freedom,Melissa Hartwig Urban,4.6,7508,16,2017,Non Fiction,Intermedio,Media,3,3,Bueno,34536.799999999996,8.923857580099885
The Wonderful Things You Will Be,Emily Winfield Martin,4.9,8842,10,2016,Fiction,Intermedio,Media,4,4,Excelente,43325.8,9.087381464575735
The Wonderful Things You Will Be,Emily Winfield Martin,4.9,8842,10,2017,Fiction,Intermedio,Media,4,4,Excelente,43325.8,9.087381464575735
The Wonderful Things You Will Be,Emily Winfield Martin,4.9,8842,10,2018,Fiction,Intermedio,Media,4,4,Excelente,43325.8,9.087381464575735
The Wonderful Things You Will Be,Emily Winfield Martin,4.9,8842,10,2019,Fiction,Intermedio,Media,4,4,Excelente,43325.8,9.087381464575735
The Wonky Donkey,Craig Smith,4.8,30183,4,2018,Fiction,Barato,Muy alta,2,2,Excelente,144878.4,10.315067261644147
The Wonky Donkey,Craig Smith,4.8,30183,4,2019,Fiction,Barato,Muy alta,2,2,Excelente,144878.4,10.315067261644147
The Wright Brothers,David McCullough,4.7,6169,16,2015,Non Fiction,Intermedio,Media,1,1,Bueno,28994.300000000003,8.727454116899434
"Things That Matter: Three Decades of Passions, Pastimes and Politics [Deckled Edge]",Charles Krauthammer,4.7,7034,15,2013,Non Fiction,Intermedio,Media,1,1,Bueno,33059.8,8.858652969548489
"Thinking, Fast and Slow",Daniel Kahneman,4.6,11034,19,2011,Non Fiction,Intermedio,Media,2,2,Bueno,50756.399999999994,9.308827318690836
"Thinking, Fast and Slow",Daniel Kahneman,4.6,11034,19,2012,Non Fiction,Intermedio,Media,2,2,Bueno,50756.399999999994,9.308827318690836
Thirteen Reasons Why,Jay Asher,4.5,7932,9,2017,Fiction,Barato,Media,1,1,Bueno,35694.0,8.978786553302003
Thomas Jefferson: The Art of Power,Jon Meacham,4.5,1904,23,2012,Non Fiction,Caro,Baja,1,1,Bueno,8568.0,7.552237287560802
Three Cups of Tea: One Man's Mission to Promote Peace - One School at a Time,Greg Mortenson,4.3,3319,11,2009,Non Fiction,Intermedio,Baja,2,2,Regular,14271.699999999999,8.107720061910534
Three Cups of Tea: One Man's Mission to Promote Peace - One School at a Time,Greg Mortenson,4.3,3319,11,2010,Non Fiction,Intermedio,Baja,2,2,Regular,14271.699999999999,8.107720061910534
Thug Kitchen: The Official Cookbook: Eat Like You Give a F*ck (Thug Kitchen Cookbooks),Thug Kitchen,4.6,11128,23,2014,Non Fiction,Caro,Media,4,4,Bueno,51188.799999999996,9.317309592973425
Thug Kitchen: The Official Cookbook: Eat Like You Give a F*ck (Thug Kitchen Cookbooks),Thug Kitchen,4.6,11128,23,2015,Non Fiction,Caro,Media,4,4,Bueno,51188.799999999996,9.317309592973425
Thug Kitchen: The Official Cookbook: Eat Like You Give a F*ck (Thug Kitchen Cookbooks),Thug Kitchen,4.6,11128,23,2016,Non Fiction,Caro,Media,4,4,Bueno,51188.799999999996,9.317309592973425
Thug Kitchen: The Official Cookbook: Eat Like You Give a F*ck (Thug Kitchen Cookbooks),Thug Kitchen,4.6,11128,23,2017,Non Fiction,Caro,Media,4,4,Bueno,51188.799999999996,9.317309592973425
Tina Fey: Bossypants,Tina Fey,4.3,5977,12,2011,Non Fiction,Intermedio,Media,1,1,Regular,25701.1,8.695841342843883
To Kill a Mockingbird,Harper Lee,4.8,26234,0,2013,Fiction,Barato,Muy alta,5,6,Excelente,125923.2,10.174849676120813
To Kill a Mockingbird,Harper Lee,4.8,26234,0,2014,Fiction,Barato,Muy alta,5,6,Excelente,125923.2,10.174849676120813
To Kill a Mockingbird,Harper Lee,4.8,26234,0,2015,Fiction,Barato,Muy alta,5,6,Excelente,125923.2,10.174849676120813
To Kill a Mockingbird,Harper Lee,4.8,26234,0,2016,Fiction,Barato,Muy alta,5,6,Excelente,125923.2,10.174849676120813
To Kill a Mockingbird,Harper Lee,4.8,26234,7,2019,Fiction,Barato,Muy alta,5,6,Excelente,125923.2,10.174849676120813
"Tools of Titans: The Tactics, Routines, and Habits of Billionaires, Icons, and World-Class Performers",Timothy Ferriss,4.6,4360,21,2017,Non Fiction,Caro,Media,1,2,Bueno,20056.0,8.380456667842767
"Towers of Midnight (Wheel of Time, Book Thirteen)",Robert Jordan,4.8,2282,21,2010,Fiction,Caro,Baja,1,1,Excelente,10953.6,7.733245646529795
True Compass: A Memoir,Edward M. Kennedy,4.5,438,15,2009,Non Fiction,Intermedio,Baja,1,1,Bueno,1971.0,6.0844994130751715
"Twilight (The Twilight Saga, Book 1)",Stephenie Meyer,4.7,11676,9,2009,Fiction,Barato,Media,1,7,Bueno,54877.200000000004,9.365376374075716
Ultimate Sticker Book: Frozen: More Than 60 Reusable Full-Color Stickers,DK,4.5,2586,5,2014,Fiction,Barato,Baja,1,2,Bueno,11637.0,7.8582541821860294
"Unbroken: A World War II Story of Survival, Resilience, and Redemption",Laura Hillenbrand,4.8,29673,16,2010,Non Fiction,Intermedio,Muy alta,4,5,Excelente,142430.4,10.298026520510739
"Unbroken: A World War II Story of Survival, Resilience, and Redemption",Laura Hillenbrand,4.8,29673,16,2011,Non Fiction,Intermedio,Muy alta,4,5,Excelente,142430.4,10.298026520510739
"Unbroken: A World War II Story of Survival, Resilience, and Redemption",Laura Hillenbrand,4.8,29673,16,2012,Non Fiction,Intermedio,Muy alta,4,5,Excelente,142430.4,10.298026520510739
"Unbroken: A World War II Story of Survival, Resilience, and Redemption",Laura Hillenbrand,4.8,29673,13,2014,Non Fiction,Intermedio,Muy alta,4,5,Excelente,142430.4,10.298026520510739
"Unbroken: A World War II Story of Survival, Resilience, and Redemption",Laura Hillenbrand,4.8,29673,16,2014,Non Fiction,Intermedio,Muy alta,4,5,Excelente,142430.4,10.298026520510739
Under the Dome: A Novel,Stephen King,4.3,6740,20,2009,Fiction,Intermedio,Media,1,4,Regular,28982.0,8.815963560853438
Unfreedom of the Press,Mark R. Levin,4.9,5956,11,2019,Non Fiction,Intermedio,Media,1,2,Excelente,29184.4,8.692322277628687
Unicorn Coloring Book: For Kids Ages 4-8 (US Edition) (Silly Bear Coloring Books),Silly Bear,4.8,6108,4,2019,Non Fiction,Barato,Media,1,1,Excelente,29318.399999999998,8.717518372649767
"Uninvited: Living Loved When You Feel Less Than, Left Out, and Lonely",Lysa TerKeurst,4.7,4585,9,2016,Non Fiction,Barato,Media,1,2,Bueno,21549.5,8.43076346341785
Watchmen,Alan Moore,4.8,3829,42,2009,Fiction,Caro,Baja,1,1,Excelente,18379.2,8.250620082174692
Water for Elephants: A Novel,Sara Gruen,4.5,8958,12,2011,Fiction,Intermedio,Media,1,1,Bueno,40311.0,9.100413892597578
What Happened,Hillary Rodham Clinton,4.6,5492,18,2017,Non Fiction,Intermedio,Media,1,1,Bueno,25263.199999999997,8.61122983334262
What If?: Serious Scientific Answers to Absurd Hypothetical Questions,Randall Munroe,4.7,9292,17,2014,Non Fiction,Intermedio,Media,1,1,Bueno,43672.4,9.13701670755734
What Pet Should I Get? (Classic Seuss),Dr. Seuss,4.7,1873,14,2015,Fiction,Intermedio,Baja,1,9,Bueno,8803.1,7.535830462798367
What Should Danny Do? (The Power to Choose Series),Adir Levy,4.8,8170,13,2019,Fiction,Intermedio,Media,1,1,Excelente,39216.0,9.008346579384707
What to Expect When You're Expecting,Heidi Murkoff,4.4,3341,9,2011,Non Fiction,Barato,Baja,1,1,Regular,14700.400000000001,8.114324709155339
"Wheat Belly: Lose the Wheat, Lose the Weight, and Find Your Path Back to Health",William Davis,4.4,7497,6,2012,Non Fiction,Barato,Media,2,2,Regular,32986.8,8.922391597295857
"Wheat Belly: Lose the Wheat, Lose the Weight, and Find Your Path Back to Health",William Davis,4.4,7497,6,2013,Non Fiction,Barato,Media,2,2,Regular,32986.8,8.922391597295857
When Breath Becomes Air,Paul Kalanithi,4.8,13779,14,2016,Non Fiction,Intermedio,Media,1,1,Excelente,66139.2,9.53097354456765
Where the Crawdads Sing,Delia Owens,4.8,87841,15,2019,Fiction,Intermedio,Muy alta,1,1,Excelente,421636.8,11.383295025154466
Where the Wild Things Are,Maurice Sendak,4.8,9967,13,2009,Fiction,Intermedio,Media,1,1,Excelente,47841.6,9.207135241027235
Whose Boat Is This Boat?: Comments That Don't Help in the Aftermath of a Hurricane,The Staff of The Late Show with,4.6,6669,12,2018,Non Fiction,Intermedio,Media,1,1,Bueno,30677.399999999998,8.80537513890967
Wild: From Lost to Found on the Pacific Crest Trail,Cheryl Strayed,4.4,17044,18,2012,Non Fiction,Intermedio,Alta,1,1,Regular,74993.6,9.743612184572003
Winter of the World: Book Two of the Century Trilogy,Ken Follett,4.5,10760,15,2012,Fiction,Intermedio,Media,1,1,Bueno,48420.0,9.283683766200392
Women Food and God: An Unexpected Path to Almost Everything,Geneen Roth,4.2,1302,11,2010,Non Fiction,Intermedio,Baja,1,1,Regular,5468.400000000001,7.172424577124845
Wonder,R. J. Palacio,4.8,21625,9,2013,Fiction,Barato,Alta,5,5,Excelente,103800.0,9.981651573505482
Wonder,R. J. Palacio,4.8,21625,9,2014,Fiction,Barato,Alta,5,5,Excelente,103800.0,9.981651573505482
Wonder,R. J. Palacio,4.8,21625,9,2015,Fiction,Barato,Alta,5,5,Excelente,103800.0,9.981651573505482
Wonder,R. J. Palacio,4.8,21625,9,2016,Fiction,Barato,Alta,5,5,Excelente,103800.0,9.981651573505482
Wonder,R. J. Palacio,4.8,21625,9,2017,Fiction,Barato,Alta,5,5,Excelente,103800.0,9.981651573505482
Wrecking Ball (Diary of a Wimpy Kid Book 14),Jeff Kinney,4.9,9413,8,2019,Fiction,Barato,Media,1,12,Excelente,46123.700000000004,9.149953221961088
You Are a Badass: How to Stop Doubting Your Greatness and Start Living an Awesome Life,Jen Sincero,4.7,14331,8,2016,Non Fiction,Barato,Media,4,4,Bueno,67355.7,9.570250078424845
You Are a Badass: How to Stop Doubting Your Greatness and Start Living an Awesome Life,Jen Sincero,4.7,14331,8,2017,Non Fiction,Barato,Media,4,4,Bueno,67355.7,9.570250078424845
You Are a Badass: How to Stop Doubting Your Greatness and Start Living an Awesome Life,Jen Sincero,4.7,14331,8,2018,Non Fiction,Barato,Media,4,4,Bueno,67355.7,9.570250078424845
You Are a Badass: How to Stop Doubting Your Greatness and Start Living an Awesome Life,Jen Sincero,4.7,14331,8,2019,Non Fiction,Barato,Media,4,4,Bueno,67355.7,9.570250078424845
